"WeekStartDate","Campus","GradeBand","Capacity","TotalEnrolled","CapacityUtilPct","NewTransfersIn","TransfersOut","ActiveAccountsPct"
"2025-02-20","Keller HS","High School","2800","2464","88","4","2","98.3"
"2025-02-20","Timber Creek HS","High School","2700","2359","87","0","2","98.4"
"2025-02-20","Central HS","High School","2600","2264","87","0","2","97.7"
"2025-02-20","Foster HS","High School","2500","2212","88","2","1","98"
"2025-02-20","Indian Springs MS","Middle","1200","1061","88","0","0","98.3"
"2025-02-20","Hillwood MS","Middle","1150","1035","90","1","2","100"
"2025-02-20","Trinity Springs MS","Middle","1100","956","87","3","2","99.8"
"2025-02-20","Bear Creek MS","Middle","1050","947","90","1","0","99.7"
"2025-02-20","Timberview MS","Middle","1000","868","87","2","2","98.7"
"2025-02-20","Ridgeview MS","Middle","980","833","85","4","2","99.7"
"2025-02-20","Shady Grove Elem","Elementary","800","732","92","3","2","98.7"
"2025-02-20","Parkwood Elem","Elementary","780","683","88","2","1","99.7"
"2025-02-20","Willowbrook Elem","Elementary","760","660","87","0","1","98.2"
"2025-02-20","Willis Lane Elem","Elementary","750","657","88","1","1","97.2"
"2025-02-20","Florence Elem","Elementary","740","655","88","1","1","98"
"2025-02-20","Basswood Elem","Elementary","730","670","92","0","1","98.1"
"2025-02-20","Parkview Elem","Elementary","720","660","92","0","0","97.5"
"2025-02-20","Liberty Elem","Elementary","710","629","89","2","1","97.5"
"2025-02-20","North Star Elem","Elementary","700","629","90","1","2","97.7"
"2025-02-20","Ridgeview Elem","Elementary","690","614","89","3","0","99.9"
"2025-02-20","Hidden Lakes Elem","Elementary","680","596","88","2","1","99.3"
"2025-02-20","Bluebonnet Elem","Elementary","670","607","91","4","2","98.8"
"2025-02-27","Keller HS","High School","2800","2473","88","4","1","97.6"
"2025-02-27","Timber Creek HS","High School","2700","2405","89","3","1","97.5"
"2025-02-27","Central HS","High School","2600","2266","87","1","2","98.4"
"2025-02-27","Foster HS","High School","2500","2226","89","3","0","99.7"
"2025-02-27","Indian Springs MS","Middle","1200","1054","88","4","1","98.9"
"2025-02-27","Hillwood MS","Middle","1150","987","86","1","1","98.9"
"2025-02-27","Trinity Springs MS","Middle","1100","944","86","0","0","99.5"
"2025-02-27","Bear Creek MS","Middle","1050","895","85","2","0","99.5"
"2025-02-27","Timberview MS","Middle","1000","880","88","1","1","97.7"
"2025-02-27","Ridgeview MS","Middle","980","872","89","1","1","99"
"2025-02-27","Shady Grove Elem","Elementary","800","717","90","3","2","97.7"
"2025-02-27","Parkwood Elem","Elementary","780","674","86","3","0","97.6"
"2025-02-27","Willowbrook Elem","Elementary","760","681","90","3","2","99.2"
"2025-02-27","Willis Lane Elem","Elementary","750","632","84","0","2","98.2"
"2025-02-27","Florence Elem","Elementary","740","644","87","4","0","99.5"
"2025-02-27","Basswood Elem","Elementary","730","624","86","0","1","99"
"2025-02-27","Parkview Elem","Elementary","720","629","87","0","2","99.4"
"2025-02-27","Liberty Elem","Elementary","710","622","88","3","2","99.9"
"2025-02-27","North Star Elem","Elementary","700","634","91","0","2","100"
"2025-02-27","Ridgeview Elem","Elementary","690","616","89","3","2","99.6"
"2025-02-27","Hidden Lakes Elem","Elementary","680","621","91","3","1","98.1"
"2025-02-27","Bluebonnet Elem","Elementary","670","582","87","2","2","98.2"
"2025-03-06","Keller HS","High School","2800","2450","88","2","0","98.1"
"2025-03-06","Timber Creek HS","High School","2700","2369","88","3","2","97.3"
"2025-03-06","Central HS","High School","2600","2268","87","2","2","97.8"
"2025-03-06","Foster HS","High School","2500","2177","87","3","1","99"
"2025-03-06","Indian Springs MS","Middle","1200","1032","86","2","2","98.3"
"2025-03-06","Hillwood MS","Middle","1150","1029","90","3","2","97.6"
"2025-03-06","Trinity Springs MS","Middle","1100","961","87","3","0","97.7"
"2025-03-06","Bear Creek MS","Middle","1050","901","86","3","1","99.7"
"2025-03-06","Timberview MS","Middle","1000","883","88","2","1","99.9"
"2025-03-06","Ridgeview MS","Middle","980","870","89","2","0","99.7"
"2025-03-06","Shady Grove Elem","Elementary","800","704","88","0","1","98.1"
"2025-03-06","Parkwood Elem","Elementary","780","676","87","4","1","98.3"
"2025-03-06","Willowbrook Elem","Elementary","760","662","87","0","0","98.2"
"2025-03-06","Willis Lane Elem","Elementary","750","675","90","2","0","98.1"
"2025-03-06","Florence Elem","Elementary","740","630","85","3","2","97.9"
"2025-03-06","Basswood Elem","Elementary","730","637","87","1","0","97.9"
"2025-03-06","Parkview Elem","Elementary","720","606","84","2","1","98.5"
"2025-03-06","Liberty Elem","Elementary","710","608","86","0","2","97.1"
"2025-03-06","North Star Elem","Elementary","700","635","91","0","0","97.4"
"2025-03-06","Ridgeview Elem","Elementary","690","599","87","3","0","98.6"
"2025-03-06","Hidden Lakes Elem","Elementary","680","575","85","1","0","97.6"
"2025-03-06","Bluebonnet Elem","Elementary","670","571","85","2","0","99.6"
"2025-03-13","Keller HS","High School","2800","2473","88","1","1","97.9"
"2025-03-13","Timber Creek HS","High School","2700","2350","87","0","0","98.9"
"2025-03-13","Central HS","High School","2600","2265","87","3","0","98.7"
"2025-03-13","Foster HS","High School","2500","2183","87","2","2","99"
"2025-03-13","Indian Springs MS","Middle","1200","1035","86","0","1","99.4"
"2025-03-13","Hillwood MS","Middle","1150","1038","90","1","1","98"
"2025-03-13","Trinity Springs MS","Middle","1100","966","88","2","0","98.6"
"2025-03-13","Bear Creek MS","Middle","1050","910","87","0","2","99.2"
"2025-03-13","Timberview MS","Middle","1000","886","89","2","1","99.6"
"2025-03-13","Ridgeview MS","Middle","980","888","91","3","0","97.8"
"2025-03-13","Shady Grove Elem","Elementary","800","705","88","4","2","99"
"2025-03-13","Parkwood Elem","Elementary","780","686","88","3","0","97.8"
"2025-03-13","Willowbrook Elem","Elementary","760","639","84","4","2","98.8"
"2025-03-13","Willis Lane Elem","Elementary","750","665","89","1","1","98.4"
"2025-03-13","Florence Elem","Elementary","740","680","92","0","2","97.5"
"2025-03-13","Basswood Elem","Elementary","730","670","92","3","1","100"
"2025-03-13","Parkview Elem","Elementary","720","626","87","4","0","98.3"
"2025-03-13","Liberty Elem","Elementary","710","645","91","4","0","98.9"
"2025-03-13","North Star Elem","Elementary","700","617","88","4","2","98.6"
"2025-03-13","Ridgeview Elem","Elementary","690","593","86","3","1","97"
"2025-03-13","Hidden Lakes Elem","Elementary","680","605","89","1","2","99.7"
"2025-03-13","Bluebonnet Elem","Elementary","670","565","84","1","1","98.4"
"2025-03-20","Keller HS","High School","2800","2492","89","0","1","99.9"
"2025-03-20","Timber Creek HS","High School","2700","2349","87","1","1","98.3"
"2025-03-20","Central HS","High School","2600","2274","88","1","1","97.3"
"2025-03-20","Foster HS","High School","2500","2195","88","1","0","98.4"
"2025-03-20","Indian Springs MS","Middle","1200","1027","86","4","1","98.7"
"2025-03-20","Hillwood MS","Middle","1150","1019","89","3","0","97.9"
"2025-03-20","Trinity Springs MS","Middle","1100","977","89","3","1","99"
"2025-03-20","Bear Creek MS","Middle","1050","907","86","1","2","97.1"
"2025-03-20","Timberview MS","Middle","1000","909","91","1","0","99"
"2025-03-20","Ridgeview MS","Middle","980","845","86","2","1","98.3"
"2025-03-20","Shady Grove Elem","Elementary","800","710","89","2","2","99.1"
"2025-03-20","Parkwood Elem","Elementary","780","667","86","4","1","99.9"
"2025-03-20","Willowbrook Elem","Elementary","760","674","89","4","2","98.3"
"2025-03-20","Willis Lane Elem","Elementary","750","658","88","4","1","97.5"
"2025-03-20","Florence Elem","Elementary","740","650","88","0","2","99.4"
"2025-03-20","Basswood Elem","Elementary","730","627","86","1","0","99.7"
"2025-03-20","Parkview Elem","Elementary","720","611","85","3","1","97"
"2025-03-20","Liberty Elem","Elementary","710","635","89","4","1","98.2"
"2025-03-20","North Star Elem","Elementary","700","613","88","4","0","97.6"
"2025-03-20","Ridgeview Elem","Elementary","690","584","85","4","0","97.9"
"2025-03-20","Hidden Lakes Elem","Elementary","680","578","85","1","2","99.9"
"2025-03-20","Bluebonnet Elem","Elementary","670","560","84","0","1","97.8"
"2025-03-27","Keller HS","High School","2800","2450","88","3","1","97.4"
"2025-03-27","Timber Creek HS","High School","2700","2388","88","2","0","99.8"
"2025-03-27","Central HS","High School","2600","2313","89","4","2","97"
"2025-03-27","Foster HS","High School","2500","2215","89","2","2","97.7"
"2025-03-27","Indian Springs MS","Middle","1200","1084","90","3","0","98.3"
"2025-03-27","Hillwood MS","Middle","1150","982","85","2","0","98"
"2025-03-27","Trinity Springs MS","Middle","1100","978","89","4","1","97.4"
"2025-03-27","Bear Creek MS","Middle","1050","902","86","1","1","98.7"
"2025-03-27","Timberview MS","Middle","1000","904","90","2","0","97.7"
"2025-03-27","Ridgeview MS","Middle","980","861","88","0","1","98.6"
"2025-03-27","Shady Grove Elem","Elementary","800","733","92","1","2","99"
"2025-03-27","Parkwood Elem","Elementary","780","710","91","3","1","98.7"
"2025-03-27","Willowbrook Elem","Elementary","760","652","86","0","0","98"
"2025-03-27","Willis Lane Elem","Elementary","750","663","88","4","2","98.6"
"2025-03-27","Florence Elem","Elementary","740","655","88","0","1","98.9"
"2025-03-27","Basswood Elem","Elementary","730","639","88","0","1","99.5"
"2025-03-27","Parkview Elem","Elementary","720","623","86","1","2","99.4"
"2025-03-27","Liberty Elem","Elementary","710","639","90","2","0","99.2"
"2025-03-27","North Star Elem","Elementary","700","628","90","1","2","99"
"2025-03-27","Ridgeview Elem","Elementary","690","600","87","3","1","98.7"
"2025-03-27","Hidden Lakes Elem","Elementary","680","600","88","0","2","97.5"
"2025-03-27","Bluebonnet Elem","Elementary","670","592","88","3","1","97.9"
"2025-04-03","Keller HS","High School","2800","2446","87","3","0","99.8"
"2025-04-03","Timber Creek HS","High School","2700","2356","87","2","1","99.4"
"2025-04-03","Central HS","High School","2600","2264","87","1","2","97.1"
"2025-04-03","Foster HS","High School","2500","2176","87","3","1","99.2"
"2025-04-03","Indian Springs MS","Middle","1200","1042","87","3","0","97.7"
"2025-04-03","Hillwood MS","Middle","1150","1034","90","4","1","99.3"
"2025-04-03","Trinity Springs MS","Middle","1100","987","90","2","0","97.8"
"2025-04-03","Bear Creek MS","Middle","1050","916","87","3","0","99.9"
"2025-04-03","Timberview MS","Middle","1000","854","85","0","1","99.2"
"2025-04-03","Ridgeview MS","Middle","980","888","91","1","0","98.5"
"2025-04-03","Shady Grove Elem","Elementary","800","730","91","4","1","97.6"
"2025-04-03","Parkwood Elem","Elementary","780","698","90","0","1","99.9"
"2025-04-03","Willowbrook Elem","Elementary","760","695","91","4","1","99.7"
"2025-04-03","Willis Lane Elem","Elementary","750","646","86","2","2","98.4"
"2025-04-03","Florence Elem","Elementary","740","631","85","3","2","99.8"
"2025-04-03","Basswood Elem","Elementary","730","628","86","0","2","99"
"2025-04-03","Parkview Elem","Elementary","720","616","86","1","0","99.1"
"2025-04-03","Liberty Elem","Elementary","710","635","89","2","2","99.6"
"2025-04-03","North Star Elem","Elementary","700","607","87","3","2","99.3"
"2025-04-03","Ridgeview Elem","Elementary","690","617","89","1","1","97.2"
"2025-04-03","Hidden Lakes Elem","Elementary","680","626","92","1","0","98.6"
"2025-04-03","Bluebonnet Elem","Elementary","670","592","88","3","1","97.1"
"2025-04-10","Keller HS","High School","2800","2460","88","1","2","97.6"
"2025-04-10","Timber Creek HS","High School","2700","2405","89","2","2","98"
"2025-04-10","Central HS","High School","2600","2261","87","2","0","99.6"
"2025-04-10","Foster HS","High School","2500","2172","87","3","1","99.1"
"2025-04-10","Indian Springs MS","Middle","1200","1044","87","3","0","98.4"
"2025-04-10","Hillwood MS","Middle","1150","1005","87","3","1","98.1"
"2025-04-10","Trinity Springs MS","Middle","1100","984","90","2","2","97.7"
"2025-04-10","Bear Creek MS","Middle","1050","940","90","3","0","99.7"
"2025-04-10","Timberview MS","Middle","1000","878","88","0","1","98.9"
"2025-04-10","Ridgeview MS","Middle","980","867","88","3","1","97.7"
"2025-04-10","Shady Grove Elem","Elementary","800","731","91","3","0","98.1"
"2025-04-10","Parkwood Elem","Elementary","780","661","85","3","0","97.7"
"2025-04-10","Willowbrook Elem","Elementary","760","673","89","2","2","98.5"
"2025-04-10","Willis Lane Elem","Elementary","750","643","86","1","2","98"
"2025-04-10","Florence Elem","Elementary","740","667","90","1","1","97.6"
"2025-04-10","Basswood Elem","Elementary","730","637","87","0","0","99.3"
"2025-04-10","Parkview Elem","Elementary","720","625","87","2","1","99.4"
"2025-04-10","Liberty Elem","Elementary","710","603","85","0","0","98.5"
"2025-04-10","North Star Elem","Elementary","700","638","91","3","2","97.8"
"2025-04-10","Ridgeview Elem","Elementary","690","596","86","1","1","98.8"
"2025-04-10","Hidden Lakes Elem","Elementary","680","613","90","0","2","98.9"
"2025-04-10","Bluebonnet Elem","Elementary","670","571","85","3","0","99.3"
"2025-04-17","Keller HS","High School","2800","2468","88","0","1","98.4"
"2025-04-17","Timber Creek HS","High School","2700","2349","87","3","1","98.7"
"2025-04-17","Central HS","High School","2600","2273","87","4","1","99.6"
"2025-04-17","Foster HS","High School","2500","2212","88","3","2","97.4"
"2025-04-17","Indian Springs MS","Middle","1200","1061","88","2","2","97.2"
"2025-04-17","Hillwood MS","Middle","1150","995","86","3","2","99.6"
"2025-04-17","Trinity Springs MS","Middle","1100","946","86","0","2","99.4"
"2025-04-17","Bear Creek MS","Middle","1050","900","86","2","1","99"
"2025-04-17","Timberview MS","Middle","1000","901","90","3","1","97.1"
"2025-04-17","Ridgeview MS","Middle","980","860","88","3","1","97.8"
"2025-04-17","Shady Grove Elem","Elementary","800","730","91","4","0","98.8"
"2025-04-17","Parkwood Elem","Elementary","780","676","87","1","1","98.1"
"2025-04-17","Willowbrook Elem","Elementary","760","670","88","4","2","99.7"
"2025-04-17","Willis Lane Elem","Elementary","750","682","91","1","2","100"
"2025-04-17","Florence Elem","Elementary","740","621","84","4","0","99.2"
"2025-04-17","Basswood Elem","Elementary","730","617","84","4","0","98.9"
"2025-04-17","Parkview Elem","Elementary","720","608","84","3","1","99.2"
"2025-04-17","Liberty Elem","Elementary","710","607","86","1","2","99"
"2025-04-17","North Star Elem","Elementary","700","626","89","0","0","99.3"
"2025-04-17","Ridgeview Elem","Elementary","690","613","89","0","2","98.3"
"2025-04-17","Hidden Lakes Elem","Elementary","680","621","91","4","2","100"
"2025-04-17","Bluebonnet Elem","Elementary","670","613","92","4","2","99.6"
"2025-04-24","Keller HS","High School","2800","2443","87","0","2","99.6"
"2025-04-24","Timber Creek HS","High School","2700","2382","88","0","2","99.4"
"2025-04-24","Central HS","High School","2600","2307","89","2","1","99.2"
"2025-04-24","Foster HS","High School","2500","2223","89","0","2","98"
"2025-04-24","Indian Springs MS","Middle","1200","1066","89","3","0","99.5"
"2025-04-24","Hillwood MS","Middle","1150","999","87","1","2","97.3"
"2025-04-24","Trinity Springs MS","Middle","1100","976","89","0","1","99.5"
"2025-04-24","Bear Creek MS","Middle","1050","920","88","1","0","99.2"
"2025-04-24","Timberview MS","Middle","1000","909","91","4","0","97.9"
"2025-04-24","Ridgeview MS","Middle","980","881","90","4","2","97.9"
"2025-04-24","Shady Grove Elem","Elementary","800","697","87","1","1","98"
"2025-04-24","Parkwood Elem","Elementary","780","690","88","4","0","99.2"
"2025-04-24","Willowbrook Elem","Elementary","760","677","89","2","0","99.2"
"2025-04-24","Willis Lane Elem","Elementary","750","675","90","2","0","99.4"
"2025-04-24","Florence Elem","Elementary","740","625","84","4","0","98.4"
"2025-04-24","Basswood Elem","Elementary","730","637","87","3","2","99.6"
"2025-04-24","Parkview Elem","Elementary","720","659","92","0","0","98"
"2025-04-24","Liberty Elem","Elementary","710","651","92","3","2","99.8"
"2025-04-24","North Star Elem","Elementary","700","633","90","3","2","98.2"
"2025-04-24","Ridgeview Elem","Elementary","690","615","89","1","2","99.5"
"2025-04-24","Hidden Lakes Elem","Elementary","680","600","88","1","1","99.2"
"2025-04-24","Bluebonnet Elem","Elementary","670","598","89","4","1","98.2"
"2025-05-01","Keller HS","High School","2800","2392","85","1","11","98.6"
"2025-05-01","Timber Creek HS","High School","2700","2299","85","3","9","98.6"
"2025-05-01","Central HS","High School","2600","2210","85","1","3","98.6"
"2025-05-01","Foster HS","High School","2500","2091","84","0","8","99.6"
"2025-05-01","Indian Springs MS","Middle","1200","1039","87","4","6","97.6"
"2025-05-01","Hillwood MS","Middle","1150","999","87","4","8","98.4"
"2025-05-01","Trinity Springs MS","Middle","1100","930","84","2","7","98.3"
"2025-05-01","Bear Creek MS","Middle","1050","913","87","0","7","99.2"
"2025-05-01","Timberview MS","Middle","1000","837","84","0","14","99.5"
"2025-05-01","Ridgeview MS","Middle","980","826","84","0","10","99"
"2025-05-01","Shady Grove Elem","Elementary","800","649","81","0","7","97.8"
"2025-05-01","Parkwood Elem","Elementary","780","671","86","3","6","98.2"
"2025-05-01","Willowbrook Elem","Elementary","760","622","82","0","6","98.3"
"2025-05-01","Willis Lane Elem","Elementary","750","614","82","2","14","97.6"
"2025-05-01","Florence Elem","Elementary","740","625","84","3","13","97.7"
"2025-05-01","Basswood Elem","Elementary","730","646","88","4","3","97.3"
"2025-05-01","Parkview Elem","Elementary","720","632","88","3","9","98.2"
"2025-05-01","Liberty Elem","Elementary","710","577","81","3","9","99"
"2025-05-01","North Star Elem","Elementary","700","567","81","2","11","98.5"
"2025-05-01","Ridgeview Elem","Elementary","690","576","84","0","7","97.9"
"2025-05-01","Hidden Lakes Elem","Elementary","680","580","85","2","13","99.7"
"2025-05-01","Bluebonnet Elem","Elementary","670","536","80","0","5","97.8"
"2025-05-08","Keller HS","High School","2800","2337","84","4","7","99.1"
"2025-05-08","Timber Creek HS","High School","2700","2282","84","3","14","99.3"
"2025-05-08","Central HS","High School","2600","2211","85","0","14","99.6"
"2025-05-08","Foster HS","High School","2500","2093","84","2","9","100"
"2025-05-08","Indian Springs MS","Middle","1200","1015","85","2","13","97.5"
"2025-05-08","Hillwood MS","Middle","1150","976","85","4","13","98.8"
"2025-05-08","Trinity Springs MS","Middle","1100","950","86","3","12","98.4"
"2025-05-08","Bear Creek MS","Middle","1050","881","84","2","12","98.9"
"2025-05-08","Timberview MS","Middle","1000","821","82","1","6","98.4"
"2025-05-08","Ridgeview MS","Middle","980","850","87","1","3","99.7"
"2025-05-08","Shady Grove Elem","Elementary","800","675","84","1","7","99.2"
"2025-05-08","Parkwood Elem","Elementary","780","632","81","0","3","97.7"
"2025-05-08","Willowbrook Elem","Elementary","760","623","82","3","5","97.2"
"2025-05-08","Willis Lane Elem","Elementary","750","621","83","1","9","99"
"2025-05-08","Florence Elem","Elementary","740","652","88","1","12","97.2"
"2025-05-08","Basswood Elem","Elementary","730","627","86","1","12","98.1"
"2025-05-08","Parkview Elem","Elementary","720","629","87","4","9","97"
"2025-05-08","Liberty Elem","Elementary","710","595","84","1","10","98.4"
"2025-05-08","North Star Elem","Elementary","700","604","86","4","14","97.1"
"2025-05-08","Ridgeview Elem","Elementary","690","608","88","4","12","99.3"
"2025-05-08","Hidden Lakes Elem","Elementary","680","548","81","2","4","99.9"
"2025-05-08","Bluebonnet Elem","Elementary","670","554","83","2","12","97.8"
"2025-05-15","Keller HS","High School","2800","2389","85","1","11","99"
"2025-05-15","Timber Creek HS","High School","2700","2272","84","0","11","99.1"
"2025-05-15","Central HS","High School","2600","2168","83","3","6","97.4"
"2025-05-15","Foster HS","High School","2500","2090","84","1","4","99.7"
"2025-05-15","Indian Springs MS","Middle","1200","1002","84","4","8","99.3"
"2025-05-15","Hillwood MS","Middle","1150","955","83","3","10","99.5"
"2025-05-15","Trinity Springs MS","Middle","1100","927","84","3","8","97.2"
"2025-05-15","Bear Creek MS","Middle","1050","881","84","2","12","99.1"
"2025-05-15","Timberview MS","Middle","1000","830","83","0","13","97.3"
"2025-05-15","Ridgeview MS","Middle","980","831","85","0","10","99.6"
"2025-05-15","Shady Grove Elem","Elementary","800","685","86","3","11","99.8"
"2025-05-15","Parkwood Elem","Elementary","780","678","87","2","13","97.2"
"2025-05-15","Willowbrook Elem","Elementary","760","666","88","4","9","98.6"
"2025-05-15","Willis Lane Elem","Elementary","750","623","83","2","11","97.1"
"2025-05-15","Florence Elem","Elementary","740","654","88","1","12","99.3"
"2025-05-15","Basswood Elem","Elementary","730","636","87","0","9","99.3"
"2025-05-15","Parkview Elem","Elementary","720","590","82","1","7","99.1"
"2025-05-15","Liberty Elem","Elementary","710","623","88","3","5","99.6"
"2025-05-15","North Star Elem","Elementary","700","611","87","1","11","97.7"
"2025-05-15","Ridgeview Elem","Elementary","690","575","83","1","8","98.8"
"2025-05-15","Hidden Lakes Elem","Elementary","680","574","84","2","7","98.9"
"2025-05-15","Bluebonnet Elem","Elementary","670","538","80","4","10","97.3"
"2025-05-22","Keller HS","High School","2800","2391","85","3","7","98.3"
"2025-05-22","Timber Creek HS","High School","2700","2258","84","2","8","97.6"
"2025-05-22","Central HS","High School","2600","2209","85","0","8","98.5"
"2025-05-22","Foster HS","High School","2500","2135","85","2","11","99"
"2025-05-22","Indian Springs MS","Middle","1200","1039","87","1","13","97.3"
"2025-05-22","Hillwood MS","Middle","1150","974","85","3","11","99.5"
"2025-05-22","Trinity Springs MS","Middle","1100","947","86","0","3","97.6"
"2025-05-22","Bear Creek MS","Middle","1050","877","84","0","8","98.1"
"2025-05-22","Timberview MS","Middle","1000","818","82","2","3","98.2"
"2025-05-22","Ridgeview MS","Middle","980","819","84","3","3","97.5"
"2025-05-22","Shady Grove Elem","Elementary","800","702","88","3","12","97.5"
"2025-05-22","Parkwood Elem","Elementary","780","655","84","0","14","97.1"
"2025-05-22","Willowbrook Elem","Elementary","760","648","85","4","9","99.1"
"2025-05-22","Willis Lane Elem","Elementary","750","627","84","3","8","99.3"
"2025-05-22","Florence Elem","Elementary","740","643","87","4","12","98.3"
"2025-05-22","Basswood Elem","Elementary","730","644","88","4","12","97.3"
"2025-05-22","Parkview Elem","Elementary","720","634","88","0","3","97.8"
"2025-05-22","Liberty Elem","Elementary","710","611","86","4","10","98"
"2025-05-22","North Star Elem","Elementary","700","579","83","0","12","97.3"
"2025-05-22","Ridgeview Elem","Elementary","690","554","80","3","3","98.2"
"2025-05-22","Hidden Lakes Elem","Elementary","680","586","86","0","7","98.1"
"2025-05-22","Bluebonnet Elem","Elementary","670","589","88","4","13","98.6"
"2025-05-29","Keller HS","High School","2800","2337","84","4","3","98.7"
"2025-05-29","Timber Creek HS","High School","2700","2306","85","0","5","97.5"
"2025-05-29","Central HS","High School","2600","2188","84","2","7","97"
"2025-05-29","Foster HS","High School","2500","2129","85","3","9","97.5"
"2025-05-29","Indian Springs MS","Middle","1200","1022","85","0","14","98.4"
"2025-05-29","Hillwood MS","Middle","1150","948","82","4","8","97.9"
"2025-05-29","Trinity Springs MS","Middle","1100","899","82","0","6","99.6"
"2025-05-29","Bear Creek MS","Middle","1050","876","83","0","8","99.4"
"2025-05-29","Timberview MS","Middle","1000","847","85","2","10","97.9"
"2025-05-29","Ridgeview MS","Middle","980","822","84","0","3","97.5"
"2025-05-29","Shady Grove Elem","Elementary","800","656","82","0","8","97.7"
"2025-05-29","Parkwood Elem","Elementary","780","664","85","0","4","99.2"
"2025-05-29","Willowbrook Elem","Elementary","760","666","88","1","13","98.7"
"2025-05-29","Willis Lane Elem","Elementary","750","628","84","1","8","98.7"
"2025-05-29","Florence Elem","Elementary","740","595","80","2","9","99.2"
"2025-05-29","Basswood Elem","Elementary","730","607","83","4","9","97.9"
"2025-05-29","Parkview Elem","Elementary","720","581","81","3","5","99.6"
"2025-05-29","Liberty Elem","Elementary","710","627","88","0","7","98.1"
"2025-05-29","North Star Elem","Elementary","700","589","84","2","11","97"
"2025-05-29","Ridgeview Elem","Elementary","690","559","81","0","10","97.8"
"2025-05-29","Hidden Lakes Elem","Elementary","680","565","83","3","6","99.8"
"2025-05-29","Bluebonnet Elem","Elementary","670","572","85","2","14","98.4"
"2025-06-05","Keller HS","High School","2800","2338","84","3","6","98.6"
"2025-06-05","Timber Creek HS","High School","2700","2263","84","0","10","97.9"
"2025-06-05","Central HS","High School","2600","2192","84","3","4","99.3"
"2025-06-05","Foster HS","High School","2500","2138","86","0","3","99.4"
"2025-06-05","Indian Springs MS","Middle","1200","997","83","1","10","97.1"
"2025-06-05","Hillwood MS","Middle","1150","968","84","0","7","99.6"
"2025-06-05","Trinity Springs MS","Middle","1100","954","87","1","5","98.4"
"2025-06-05","Bear Creek MS","Middle","1050","865","82","1","12","99"
"2025-06-05","Timberview MS","Middle","1000","852","85","4","4","99.5"
"2025-06-05","Ridgeview MS","Middle","980","827","84","0","9","97.7"
"2025-06-05","Shady Grove Elem","Elementary","800","652","82","2","9","98.6"
"2025-06-05","Parkwood Elem","Elementary","780","651","84","1","7","99.7"
"2025-06-05","Willowbrook Elem","Elementary","760","625","82","1","5","97.4"
"2025-06-05","Willis Lane Elem","Elementary","750","611","82","2","4","98.7"
"2025-06-05","Florence Elem","Elementary","740","612","83","0","14","98"
"2025-06-05","Basswood Elem","Elementary","730","613","84","4","8","99.9"
"2025-06-05","Parkview Elem","Elementary","720","626","87","2","3","97.5"
"2025-06-05","Liberty Elem","Elementary","710","607","86","0","12","98.6"
"2025-06-05","North Star Elem","Elementary","700","595","85","1","7","98"
"2025-06-05","Ridgeview Elem","Elementary","690","571","83","1","9","98.4"
"2025-06-05","Hidden Lakes Elem","Elementary","680","558","82","4","10","99.4"
"2025-06-05","Bluebonnet Elem","Elementary","670","536","80","4","13","98.2"
"2025-06-12","Keller HS","High School","2800","2342","84","4","10","99.3"
"2025-06-12","Timber Creek HS","High School","2700","2309","86","4","9","97.8"
"2025-06-12","Central HS","High School","2600","2169","83","3","4","98.6"
"2025-06-12","Foster HS","High School","2500","2115","85","3","5","99.3"
"2025-06-12","Indian Springs MS","Middle","1200","1025","85","3","13","99.6"
"2025-06-12","Hillwood MS","Middle","1150","960","84","4","12","99.4"
"2025-06-12","Trinity Springs MS","Middle","1100","931","85","3","4","98.4"
"2025-06-12","Bear Creek MS","Middle","1050","866","82","1","4","98.7"
"2025-06-12","Timberview MS","Middle","1000","857","86","3","10","98.5"
"2025-06-12","Ridgeview MS","Middle","980","823","84","4","3","98.9"
"2025-06-12","Shady Grove Elem","Elementary","800","668","84","0","9","99.7"
"2025-06-12","Parkwood Elem","Elementary","780","663","85","2","8","99.9"
"2025-06-12","Willowbrook Elem","Elementary","760","637","84","4","6","97.5"
"2025-06-12","Willis Lane Elem","Elementary","750","613","82","3","5","98.4"
"2025-06-12","Florence Elem","Elementary","740","599","81","2","8","99"
"2025-06-12","Basswood Elem","Elementary","730","606","83","3","13","98.2"
"2025-06-12","Parkview Elem","Elementary","720","604","84","4","11","98.9"
"2025-06-12","Liberty Elem","Elementary","710","626","88","3","11","97.4"
"2025-06-12","North Star Elem","Elementary","700","567","81","1","14","97.6"
"2025-06-12","Ridgeview Elem","Elementary","690","565","82","3","6","98.5"
"2025-06-12","Hidden Lakes Elem","Elementary","680","568","84","4","5","97.2"
"2025-06-12","Bluebonnet Elem","Elementary","670","587","88","3","7","99.5"
"2025-06-19","Keller HS","High School","2800","2359","84","3","13","97.8"
"2025-06-19","Timber Creek HS","High School","2700","2268","84","1","3","98.9"
"2025-06-19","Central HS","High School","2600","2200","85","1","13","97.7"
"2025-06-19","Foster HS","High School","2500","2106","84","1","10","99.8"
"2025-06-19","Indian Springs MS","Middle","1200","1037","86","2","7","98.1"
"2025-06-19","Hillwood MS","Middle","1150","961","84","3","8","97.4"
"2025-06-19","Trinity Springs MS","Middle","1100","957","87","2","7","97.7"
"2025-06-19","Bear Creek MS","Middle","1050","913","87","1","5","99.5"
"2025-06-19","Timberview MS","Middle","1000","835","84","2","11","98.2"
"2025-06-19","Ridgeview MS","Middle","980","843","86","2","11","99.6"
"2025-06-19","Shady Grove Elem","Elementary","800","702","88","1","9","97.4"
"2025-06-19","Parkwood Elem","Elementary","780","661","85","2","6","97.2"
"2025-06-19","Willowbrook Elem","Elementary","760","614","81","1","11","99.3"
"2025-06-19","Willis Lane Elem","Elementary","750","661","88","2","10","97.3"
"2025-06-19","Florence Elem","Elementary","740","596","80","3","12","98.2"
"2025-06-19","Basswood Elem","Elementary","730","617","84","3","13","98.1"
"2025-06-19","Parkview Elem","Elementary","720","607","84","3","12","99.8"
"2025-06-19","Liberty Elem","Elementary","710","608","86","2","4","97.2"
"2025-06-19","North Star Elem","Elementary","700","584","83","1","3","97"
"2025-06-19","Ridgeview Elem","Elementary","690","598","87","3","9","99.7"
"2025-06-19","Hidden Lakes Elem","Elementary","680","575","85","3","3","98.8"
"2025-06-19","Bluebonnet Elem","Elementary","670","573","86","3","5","99.9"
"2025-06-26","Keller HS","High School","2800","2366","84","0","11","97.6"
"2025-06-26","Timber Creek HS","High School","2700","2299","85","3","13","99.8"
"2025-06-26","Central HS","High School","2600","2223","86","3","12","97.6"
"2025-06-26","Foster HS","High School","2500","2107","84","4","7","98.7"
"2025-06-26","Indian Springs MS","Middle","1200","997","83","2","14","98.8"
"2025-06-26","Hillwood MS","Middle","1150","977","85","4","7","97"
"2025-06-26","Trinity Springs MS","Middle","1100","940","86","0","14","99.7"
"2025-06-26","Bear Creek MS","Middle","1050","895","85","1","14","97.2"
"2025-06-26","Timberview MS","Middle","1000","872","87","1","5","97.7"
"2025-06-26","Ridgeview MS","Middle","980","847","86","3","10","99.1"
"2025-06-26","Shady Grove Elem","Elementary","800","700","88","4","11","99.2"
"2025-06-26","Parkwood Elem","Elementary","780","657","84","4","8","99.6"
"2025-06-26","Willowbrook Elem","Elementary","760","612","80","0","4","97.3"
"2025-06-26","Willis Lane Elem","Elementary","750","642","86","2","11","97.1"
"2025-06-26","Florence Elem","Elementary","740","620","84","0","14","99.7"
"2025-06-26","Basswood Elem","Elementary","730","603","83","1","3","98.7"
"2025-06-26","Parkview Elem","Elementary","720","637","88","4","6","97.8"
"2025-06-26","Liberty Elem","Elementary","710","612","86","3","7","97"
"2025-06-26","North Star Elem","Elementary","700","614","88","4","12","98.7"
"2025-06-26","Ridgeview Elem","Elementary","690","597","86","4","9","99.3"
"2025-06-26","Hidden Lakes Elem","Elementary","680","553","81","1","12","97"
"2025-06-26","Bluebonnet Elem","Elementary","670","575","86","2","3","99.6"
"2025-07-03","Keller HS","High School","2800","2072","74","1","2","97.7"
"2025-07-03","Timber Creek HS","High School","2700","1991","74","2","1","99"
"2025-07-03","Central HS","High School","2600","1921","74","4","1","97.2"
"2025-07-03","Foster HS","High School","2500","1871","75","2","0","99.9"
"2025-07-03","Indian Springs MS","Middle","1200","889","74","0","2","99.2"
"2025-07-03","Hillwood MS","Middle","1150","848","74","3","0","98.3"
"2025-07-03","Trinity Springs MS","Middle","1100","840","76","2","1","99.3"
"2025-07-03","Bear Creek MS","Middle","1050","805","77","0","0","99.8"
"2025-07-03","Timberview MS","Middle","1000","737","74","3","0","98.7"
"2025-07-03","Ridgeview MS","Middle","980","750","76","1","0","97.7"
"2025-07-03","Shady Grove Elem","Elementary","800","593","74","0","2","98.2"
"2025-07-03","Parkwood Elem","Elementary","780","570","73","0","1","97.8"
"2025-07-03","Willowbrook Elem","Elementary","760","592","78","4","1","99.8"
"2025-07-03","Willis Lane Elem","Elementary","750","550","73","0","0","99.3"
"2025-07-03","Florence Elem","Elementary","740","568","77","1","2","100"
"2025-07-03","Basswood Elem","Elementary","730","541","74","4","2","99.6"
"2025-07-03","Parkview Elem","Elementary","720","565","78","2","0","98.5"
"2025-07-03","Liberty Elem","Elementary","710","513","72","3","0","97.6"
"2025-07-03","North Star Elem","Elementary","700","519","74","2","2","99.6"
"2025-07-03","Ridgeview Elem","Elementary","690","494","72","1","1","99.9"
"2025-07-03","Hidden Lakes Elem","Elementary","680","521","77","2","2","98.1"
"2025-07-03","Bluebonnet Elem","Elementary","670","521","78","3","2","100"
"2025-07-10","Keller HS","High School","2800","2066","74","1","1","99.5"
"2025-07-10","Timber Creek HS","High School","2700","2036","75","0","1","99.6"
"2025-07-10","Central HS","High School","2600","1945","75","4","2","97.4"
"2025-07-10","Foster HS","High School","2500","1894","76","3","0","98.1"
"2025-07-10","Indian Springs MS","Middle","1200","895","75","4","0","97.2"
"2025-07-10","Hillwood MS","Middle","1150","872","76","3","0","98.1"
"2025-07-10","Trinity Springs MS","Middle","1100","815","74","0","1","98.2"
"2025-07-10","Bear Creek MS","Middle","1050","786","75","3","0","97"
"2025-07-10","Timberview MS","Middle","1000","749","75","2","1","98.5"
"2025-07-10","Ridgeview MS","Middle","980","712","73","3","0","97.6"
"2025-07-10","Shady Grove Elem","Elementary","800","617","77","1","0","97.2"
"2025-07-10","Parkwood Elem","Elementary","780","586","75","0","2","97.9"
"2025-07-10","Willowbrook Elem","Elementary","760","557","73","1","0","99.1"
"2025-07-10","Willis Lane Elem","Elementary","750","574","76","2","0","98.2"
"2025-07-10","Florence Elem","Elementary","740","541","73","0","1","99.8"
"2025-07-10","Basswood Elem","Elementary","730","552","76","3","1","98.6"
"2025-07-10","Parkview Elem","Elementary","720","556","77","3","0","98.6"
"2025-07-10","Liberty Elem","Elementary","710","539","76","0","2","98"
"2025-07-10","North Star Elem","Elementary","700","497","71","3","0","98.4"
"2025-07-10","Ridgeview Elem","Elementary","690","489","71","0","1","98"
"2025-07-10","Hidden Lakes Elem","Elementary","680","518","76","4","2","97.6"
"2025-07-10","Bluebonnet Elem","Elementary","670","507","76","3","1","99.6"
"2025-07-17","Keller HS","High School","2800","2106","75","1","1","99.5"
"2025-07-17","Timber Creek HS","High School","2700","2040","76","0","1","99.6"
"2025-07-17","Central HS","High School","2600","1936","74","2","1","99.3"
"2025-07-17","Foster HS","High School","2500","1885","75","0","1","97.9"
"2025-07-17","Indian Springs MS","Middle","1200","908","76","0","2","98.5"
"2025-07-17","Hillwood MS","Middle","1150","847","74","2","2","98"
"2025-07-17","Trinity Springs MS","Middle","1100","833","76","3","1","98.8"
"2025-07-17","Bear Creek MS","Middle","1050","800","76","4","1","99.9"
"2025-07-17","Timberview MS","Middle","1000","726","73","3","1","97.1"
"2025-07-17","Ridgeview MS","Middle","980","730","74","2","0","98.7"
"2025-07-17","Shady Grove Elem","Elementary","800","580","72","2","0","98"
"2025-07-17","Parkwood Elem","Elementary","780","582","75","1","0","98.9"
"2025-07-17","Willowbrook Elem","Elementary","760","584","77","2","1","97.5"
"2025-07-17","Willis Lane Elem","Elementary","750","567","76","2","0","98.8"
"2025-07-17","Florence Elem","Elementary","740","554","75","4","2","97.8"
"2025-07-17","Basswood Elem","Elementary","730","567","78","2","1","99.3"
"2025-07-17","Parkview Elem","Elementary","720","513","71","0","2","97.4"
"2025-07-17","Liberty Elem","Elementary","710","540","76","0","1","99.5"
"2025-07-17","North Star Elem","Elementary","700","550","79","1","0","97.5"
"2025-07-17","Ridgeview Elem","Elementary","690","540","78","4","1","98.9"
"2025-07-17","Hidden Lakes Elem","Elementary","680","509","75","0","0","97.1"
"2025-07-17","Bluebonnet Elem","Elementary","670","529","79","1","2","99.2"
"2025-07-24","Keller HS","High School","2800","2099","75","2","2","97.2"
"2025-07-24","Timber Creek HS","High School","2700","2027","75","3","0","99.2"
"2025-07-24","Central HS","High School","2600","1957","75","1","0","97"
"2025-07-24","Foster HS","High School","2500","1847","74","2","2","97.3"
"2025-07-24","Indian Springs MS","Middle","1200","911","76","1","1","98.7"
"2025-07-24","Hillwood MS","Middle","1150","881","77","0","2","98.2"
"2025-07-24","Trinity Springs MS","Middle","1100","845","77","4","1","97.5"
"2025-07-24","Bear Creek MS","Middle","1050","780","74","1","0","99.4"
"2025-07-24","Timberview MS","Middle","1000","755","76","1","1","98.9"
"2025-07-24","Ridgeview MS","Middle","980","731","75","2","0","97.6"
"2025-07-24","Shady Grove Elem","Elementary","800","598","75","3","1","99.4"
"2025-07-24","Parkwood Elem","Elementary","780","607","78","2","2","99.6"
"2025-07-24","Willowbrook Elem","Elementary","760","539","71","2","2","99.7"
"2025-07-24","Willis Lane Elem","Elementary","750","573","76","0","1","98"
"2025-07-24","Florence Elem","Elementary","740","554","75","3","2","99.2"
"2025-07-24","Basswood Elem","Elementary","730","551","76","2","2","98.3"
"2025-07-24","Parkview Elem","Elementary","720","554","77","1","2","98.5"
"2025-07-24","Liberty Elem","Elementary","710","534","75","2","2","98"
"2025-07-24","North Star Elem","Elementary","700","516","74","1","1","97.8"
"2025-07-24","Ridgeview Elem","Elementary","690","538","78","0","1","99.3"
"2025-07-24","Hidden Lakes Elem","Elementary","680","507","75","4","2","97.2"
"2025-07-24","Bluebonnet Elem","Elementary","670","513","77","3","1","97"
"2025-07-31","Keller HS","High School","2800","2090","75","2","1","99.8"
"2025-07-31","Timber Creek HS","High School","2700","2021","75","1","0","97.7"
"2025-07-31","Central HS","High School","2600","1947","75","1","2","99"
"2025-07-31","Foster HS","High School","2500","1862","74","1","1","98.9"
"2025-07-31","Indian Springs MS","Middle","1200","910","76","4","2","97.2"
"2025-07-31","Hillwood MS","Middle","1150","842","73","0","0","97.6"
"2025-07-31","Trinity Springs MS","Middle","1100","819","74","3","1","98.7"
"2025-07-31","Bear Creek MS","Middle","1050","798","76","2","2","98.4"
"2025-07-31","Timberview MS","Middle","1000","751","75","0","1","97.1"
"2025-07-31","Ridgeview MS","Middle","980","749","76","3","0","98.8"
"2025-07-31","Shady Grove Elem","Elementary","800","582","73","0","2","97.6"
"2025-07-31","Parkwood Elem","Elementary","780","573","74","4","2","97.5"
"2025-07-31","Willowbrook Elem","Elementary","760","575","76","4","0","100"
"2025-07-31","Willis Lane Elem","Elementary","750","532","71","3","0","99.5"
"2025-07-31","Florence Elem","Elementary","740","577","78","2","0","97.7"
"2025-07-31","Basswood Elem","Elementary","730","526","72","1","1","99.4"
"2025-07-31","Parkview Elem","Elementary","720","552","77","0","1","99.8"
"2025-07-31","Liberty Elem","Elementary","710","553","78","2","2","99.7"
"2025-07-31","North Star Elem","Elementary","700","525","75","4","2","99.7"
"2025-07-31","Ridgeview Elem","Elementary","690","519","75","0","1","99.1"
"2025-07-31","Hidden Lakes Elem","Elementary","680","489","72","0","1","99.6"
"2025-07-31","Bluebonnet Elem","Elementary","670","494","74","1","1","99.4"
"2025-08-07","Keller HS","High School","2800","2563","92","8","1","98.8"
"2025-08-07","Timber Creek HS","High School","2700","2468","91","9","2","99.3"
"2025-08-07","Central HS","High School","2600","2379","92","24","0","99.7"
"2025-08-07","Foster HS","High School","2500","2309","92","22","0","99.4"
"2025-08-07","Indian Springs MS","Middle","1200","1085","90","22","1","99.8"
"2025-08-07","Hillwood MS","Middle","1150","1044","91","22","1","97.8"
"2025-08-07","Trinity Springs MS","Middle","1100","1022","93","11","2","97.2"
"2025-08-07","Bear Creek MS","Middle","1050","957","91","9","0","97.1"
"2025-08-07","Timberview MS","Middle","1000","918","92","8","1","100"
"2025-08-07","Ridgeview MS","Middle","980","898","92","11","2","97.8"
"2025-08-07","Shady Grove Elem","Elementary","800","725","91","9","2","99"
"2025-08-07","Parkwood Elem","Elementary","780","697","89","18","0","97.6"
"2025-08-07","Willowbrook Elem","Elementary","760","678","89","6","2","97.3"
"2025-08-07","Willis Lane Elem","Elementary","750","697","93","19","2","99.8"
"2025-08-07","Florence Elem","Elementary","740","703","95","15","1","99"
"2025-08-07","Basswood Elem","Elementary","730","663","91","12","1","97.5"
"2025-08-07","Parkview Elem","Elementary","720","678","94","7","2","99.3"
"2025-08-07","Liberty Elem","Elementary","710","675","95","18","0","97.9"
"2025-08-07","North Star Elem","Elementary","700","618","88","11","0","99.4"
"2025-08-07","Ridgeview Elem","Elementary","690","618","90","23","1","99.9"
"2025-08-07","Hidden Lakes Elem","Elementary","680","635","93","24","0","100"
"2025-08-07","Bluebonnet Elem","Elementary","670","613","92","7","2","99.4"
"2025-08-14","Keller HS","High School","2800","2550","91","11","0","97.5"
"2025-08-14","Timber Creek HS","High School","2700","2472","92","18","1","97.2"
"2025-08-14","Central HS","High School","2600","2371","91","7","0","99.4"
"2025-08-14","Foster HS","High School","2500","2274","91","16","1","99.8"
"2025-08-14","Indian Springs MS","Middle","1200","1114","93","5","0","99.8"
"2025-08-14","Hillwood MS","Middle","1150","1056","92","11","2","98.3"
"2025-08-14","Trinity Springs MS","Middle","1100","977","89","8","0","97.7"
"2025-08-14","Bear Creek MS","Middle","1050","983","94","11","1","97.7"
"2025-08-14","Timberview MS","Middle","1000","917","92","10","2","97.6"
"2025-08-14","Ridgeview MS","Middle","980","873","89","19","2","97.9"
"2025-08-14","Shady Grove Elem","Elementary","800","756","94","20","1","97.8"
"2025-08-14","Parkwood Elem","Elementary","780","716","92","22","0","97.7"
"2025-08-14","Willowbrook Elem","Elementary","760","668","88","8","1","97.6"
"2025-08-14","Willis Lane Elem","Elementary","750","674","90","9","2","99.9"
"2025-08-14","Florence Elem","Elementary","740","694","94","11","0","98.2"
"2025-08-14","Basswood Elem","Elementary","730","652","89","23","0","98.5"
"2025-08-14","Parkview Elem","Elementary","720","629","87","9","2","99.2"
"2025-08-14","Liberty Elem","Elementary","710","624","88","13","1","99.8"
"2025-08-14","North Star Elem","Elementary","700","637","91","6","2","97.4"
"2025-08-14","Ridgeview Elem","Elementary","690","655","95","11","2","99.5"
"2025-08-14","Hidden Lakes Elem","Elementary","680","596","88","21","0","99.4"
"2025-08-14","Bluebonnet Elem","Elementary","670","619","92","16","0","97.6"
"2025-08-21","Keller HS","High School","2800","2564","92","5","2","99.7"
"2025-08-21","Timber Creek HS","High School","2700","2486","92","9","2","97"
"2025-08-21","Central HS","High School","2600","2408","93","13","1","99.7"
"2025-08-21","Foster HS","High School","2500","2304","92","15","1","99.9"
"2025-08-21","Indian Springs MS","Middle","1200","1070","89","15","0","99.6"
"2025-08-21","Hillwood MS","Middle","1150","1074","93","17","0","98"
"2025-08-21","Trinity Springs MS","Middle","1100","978","89","17","2","99.1"
"2025-08-21","Bear Creek MS","Middle","1050","981","93","6","2","97.7"
"2025-08-21","Timberview MS","Middle","1000","913","91","17","2","99.8"
"2025-08-21","Ridgeview MS","Middle","980","874","89","22","2","97.2"
"2025-08-21","Shady Grove Elem","Elementary","800","707","88","16","2","97.7"
"2025-08-21","Parkwood Elem","Elementary","780","714","92","10","1","99.6"
"2025-08-21","Willowbrook Elem","Elementary","760","709","93","5","2","99.9"
"2025-08-21","Willis Lane Elem","Elementary","750","709","94","5","1","99.1"
"2025-08-21","Florence Elem","Elementary","740","666","90","9","2","98.8"
"2025-08-21","Basswood Elem","Elementary","730","652","89","13","0","97.6"
"2025-08-21","Parkview Elem","Elementary","720","639","89","23","0","97.8"
"2025-08-21","Liberty Elem","Elementary","710","662","93","8","1","99.3"
"2025-08-21","North Star Elem","Elementary","700","664","95","19","0","99.4"
"2025-08-21","Ridgeview Elem","Elementary","690","635","92","18","0","99.9"
"2025-08-21","Hidden Lakes Elem","Elementary","680","632","93","5","2","98.3"
"2025-08-21","Bluebonnet Elem","Elementary","670","616","92","6","2","97.6"
"2025-08-28","Keller HS","High School","2800","2576","92","15","1","98.1"
"2025-08-28","Timber Creek HS","High School","2700","2471","92","22","1","98.2"
"2025-08-28","Central HS","High School","2600","2354","90","10","1","99"
"2025-08-28","Foster HS","High School","2500","2280","91","16","1","99.5"
"2025-08-28","Indian Springs MS","Middle","1200","1072","89","19","0","99.6"
"2025-08-28","Hillwood MS","Middle","1150","1034","90","19","2","97"
"2025-08-28","Trinity Springs MS","Middle","1100","987","90","11","0","98.4"
"2025-08-28","Bear Creek MS","Middle","1050","939","89","22","0","98.1"
"2025-08-28","Timberview MS","Middle","1000","935","94","20","2","97.4"
"2025-08-28","Ridgeview MS","Middle","980","904","92","9","2","97.5"
"2025-08-28","Shady Grove Elem","Elementary","800","758","95","10","0","99.6"
"2025-08-28","Parkwood Elem","Elementary","780","704","90","23","0","99.3"
"2025-08-28","Willowbrook Elem","Elementary","760","685","90","16","2","98.3"
"2025-08-28","Willis Lane Elem","Elementary","750","660","88","6","0","98.4"
"2025-08-28","Florence Elem","Elementary","740","679","92","13","1","99.9"
"2025-08-28","Basswood Elem","Elementary","730","647","89","19","1","99.1"
"2025-08-28","Parkview Elem","Elementary","720","686","95","20","0","97.2"
"2025-08-28","Liberty Elem","Elementary","710","648","91","23","0","98.2"
"2025-08-28","North Star Elem","Elementary","700","625","89","18","1","97.2"
"2025-08-28","Ridgeview Elem","Elementary","690","629","91","16","2","99.4"
"2025-08-28","Hidden Lakes Elem","Elementary","680","611","90","10","1","99.8"
"2025-08-28","Bluebonnet Elem","Elementary","670","634","95","6","0","97.8"
"2025-09-04","Keller HS","High School","2800","2586","92","8","2","98"
"2025-09-04","Timber Creek HS","High School","2700","2450","91","23","1","97.4"
"2025-09-04","Central HS","High School","2600","2352","90","22","2","99.5"
"2025-09-04","Foster HS","High School","2500","2294","92","15","2","99.9"
"2025-09-04","Indian Springs MS","Middle","1200","1109","92","15","0","99.2"
"2025-09-04","Hillwood MS","Middle","1150","1064","92","17","1","97.7"
"2025-09-04","Trinity Springs MS","Middle","1100","1031","94","22","0","98.6"
"2025-09-04","Bear Creek MS","Middle","1050","987","94","22","1","97.9"
"2025-09-04","Timberview MS","Middle","1000","924","92","12","2","98.9"
"2025-09-04","Ridgeview MS","Middle","980","890","91","13","2","97.9"
"2025-09-04","Shady Grove Elem","Elementary","800","731","91","14","2","98.9"
"2025-09-04","Parkwood Elem","Elementary","780","689","88","12","2","99.2"
"2025-09-04","Willowbrook Elem","Elementary","760","668","88","10","1","99.8"
"2025-09-04","Willis Lane Elem","Elementary","750","696","93","23","1","97.7"
"2025-09-04","Florence Elem","Elementary","740","655","88","17","2","99.1"
"2025-09-04","Basswood Elem","Elementary","730","651","89","13","1","99"
"2025-09-04","Parkview Elem","Elementary","720","646","90","22","0","97.9"
"2025-09-04","Liberty Elem","Elementary","710","636","90","21","2","99"
"2025-09-04","North Star Elem","Elementary","700","660","94","11","0","99.6"
"2025-09-04","Ridgeview Elem","Elementary","690","616","89","10","1","98"
"2025-09-04","Hidden Lakes Elem","Elementary","680","644","95","17","0","98.7"
"2025-09-04","Bluebonnet Elem","Elementary","670","611","91","16","2","99.8"
"2025-09-11","Keller HS","High School","2800","2552","91","11","2","98.9"
"2025-09-11","Timber Creek HS","High School","2700","2441","90","6","1","99.5"
"2025-09-11","Central HS","High School","2600","2409","93","17","1","97"
"2025-09-11","Foster HS","High School","2500","2281","91","20","0","99.8"
"2025-09-11","Indian Springs MS","Middle","1200","1086","90","6","0","99"
"2025-09-11","Hillwood MS","Middle","1150","1044","91","8","1","98.2"
"2025-09-11","Trinity Springs MS","Middle","1100","1033","94","14","0","98"
"2025-09-11","Bear Creek MS","Middle","1050","976","93","10","1","97.4"
"2025-09-11","Timberview MS","Middle","1000","899","90","9","0","97.5"
"2025-09-11","Ridgeview MS","Middle","980","897","92","5","1","99.6"
"2025-09-11","Shady Grove Elem","Elementary","800","741","93","12","0","99.7"
"2025-09-11","Parkwood Elem","Elementary","780","740","95","18","0","98.3"
"2025-09-11","Willowbrook Elem","Elementary","760","667","88","9","1","97.8"
"2025-09-11","Willis Lane Elem","Elementary","750","701","94","14","0","98.2"
"2025-09-11","Florence Elem","Elementary","740","705","95","11","1","97.6"
"2025-09-11","Basswood Elem","Elementary","730","687","94","24","0","99.2"
"2025-09-11","Parkview Elem","Elementary","720","649","90","13","1","98.5"
"2025-09-11","Liberty Elem","Elementary","710","647","91","5","0","99.2"
"2025-09-11","North Star Elem","Elementary","700","646","92","9","0","98.7"
"2025-09-11","Ridgeview Elem","Elementary","690","623","90","12","2","99.8"
"2025-09-11","Hidden Lakes Elem","Elementary","680","645","95","22","1","97.1"
"2025-09-11","Bluebonnet Elem","Elementary","670","640","96","10","2","97.8"
"2025-09-18","Keller HS","High School","2800","2592","93","10","2","97.4"
"2025-09-18","Timber Creek HS","High School","2700","2441","90","18","2","98.1"
"2025-09-18","Central HS","High School","2600","2372","91","13","2","97.8"
"2025-09-18","Foster HS","High School","2500","2260","90","14","1","98.2"
"2025-09-18","Indian Springs MS","Middle","1200","1113","93","11","2","98.3"
"2025-09-18","Hillwood MS","Middle","1150","1032","90","22","2","99.9"
"2025-09-18","Trinity Springs MS","Middle","1100","990","90","20","2","97.9"
"2025-09-18","Bear Creek MS","Middle","1050","947","90","21","1","98.5"
"2025-09-18","Timberview MS","Middle","1000","932","93","24","2","98.7"
"2025-09-18","Ridgeview MS","Middle","980","882","90","8","0","98.2"
"2025-09-18","Shady Grove Elem","Elementary","800","751","94","10","0","99.9"
"2025-09-18","Parkwood Elem","Elementary","780","715","92","24","2","98.6"
"2025-09-18","Willowbrook Elem","Elementary","760","715","94","8","1","99.1"
"2025-09-18","Willis Lane Elem","Elementary","750","680","91","11","2","99.5"
"2025-09-18","Florence Elem","Elementary","740","680","92","12","1","97.9"
"2025-09-18","Basswood Elem","Elementary","730","681","93","10","0","99.5"
"2025-09-18","Parkview Elem","Elementary","720","664","92","23","2","99.7"
"2025-09-18","Liberty Elem","Elementary","710","668","94","23","1","99.4"
"2025-09-18","North Star Elem","Elementary","700","620","89","18","2","99.9"
"2025-09-18","Ridgeview Elem","Elementary","690","620","90","22","2","99.7"
"2025-09-18","Hidden Lakes Elem","Elementary","680","631","93","5","0","98.1"
"2025-09-18","Bluebonnet Elem","Elementary","670","593","88","7","2","98.3"
"2025-09-25","Keller HS","High School","2800","2587","92","18","0","99.1"
"2025-09-25","Timber Creek HS","High School","2700","2461","91","20","0","98.1"
"2025-09-25","Central HS","High School","2600","2404","92","23","2","98.2"
"2025-09-25","Foster HS","High School","2500","2278","91","7","1","97"
"2025-09-25","Indian Springs MS","Middle","1200","1073","89","8","0","97.2"
"2025-09-25","Hillwood MS","Middle","1150","1027","89","18","0","97.1"
"2025-09-25","Trinity Springs MS","Middle","1100","1032","94","9","2","99.6"
"2025-09-25","Bear Creek MS","Middle","1050","935","89","21","2","99.2"
"2025-09-25","Timberview MS","Middle","1000","896","90","24","0","99.1"
"2025-09-25","Ridgeview MS","Middle","980","909","93","6","2","98.6"
"2025-09-25","Shady Grove Elem","Elementary","800","731","91","21","1","97.5"
"2025-09-25","Parkwood Elem","Elementary","780","729","94","9","0","99.8"
"2025-09-25","Willowbrook Elem","Elementary","760","723","95","5","1","98.3"
"2025-09-25","Willis Lane Elem","Elementary","750","674","90","15","0","97.3"
"2025-09-25","Florence Elem","Elementary","740","678","92","21","1","97.4"
"2025-09-25","Basswood Elem","Elementary","730","669","92","16","0","99.7"
"2025-09-25","Parkview Elem","Elementary","720","648","90","11","1","98"
"2025-09-25","Liberty Elem","Elementary","710","643","91","5","2","98.9"
"2025-09-25","North Star Elem","Elementary","700","659","94","21","0","98.8"
"2025-09-25","Ridgeview Elem","Elementary","690","656","95","8","0","97.9"
"2025-09-25","Hidden Lakes Elem","Elementary","680","650","96","18","1","97.6"
"2025-09-25","Bluebonnet Elem","Elementary","670","609","91","16","1","97.5"
"2025-10-02","Keller HS","High School","2800","2439","87","3","0","98"
"2025-10-02","Timber Creek HS","High School","2700","2376","88","2","1","99.2"
"2025-10-02","Central HS","High School","2600","2259","87","4","2","97"
"2025-10-02","Foster HS","High School","2500","2187","88","0","1","97.8"
"2025-10-02","Indian Springs MS","Middle","1200","1048","87","1","1","98"
"2025-10-02","Hillwood MS","Middle","1150","1036","90","1","2","98.1"
"2025-10-02","Trinity Springs MS","Middle","1100","985","90","1","1","98.6"
"2025-10-02","Bear Creek MS","Middle","1050","952","91","4","1","98.8"
"2025-10-02","Timberview MS","Middle","1000","899","90","1","0","97"
"2025-10-02","Ridgeview MS","Middle","980","890","91","0","1","99.7"
"2025-10-02","Shady Grove Elem","Elementary","800","727","91","2","2","97.8"
"2025-10-02","Parkwood Elem","Elementary","780","711","91","1","1","98.1"
"2025-10-02","Willowbrook Elem","Elementary","760","687","90","4","1","97.7"
"2025-10-02","Willis Lane Elem","Elementary","750","639","85","4","1","99.8"
"2025-10-02","Florence Elem","Elementary","740","624","84","4","2","97.6"
"2025-10-02","Basswood Elem","Elementary","730","622","85","2","1","98.5"
"2025-10-02","Parkview Elem","Elementary","720","608","84","3","1","97.4"
"2025-10-02","Liberty Elem","Elementary","710","625","88","4","2","97.9"
"2025-10-02","North Star Elem","Elementary","700","620","89","0","1","97.2"
"2025-10-02","Ridgeview Elem","Elementary","690","596","86","4","0","97.4"
"2025-10-02","Hidden Lakes Elem","Elementary","680","605","89","1","1","97.4"
"2025-10-02","Bluebonnet Elem","Elementary","670","619","92","4","1","98"
"2025-10-09","Keller HS","High School","2800","2478","88","1","1","98.2"
"2025-10-09","Timber Creek HS","High School","2700","2382","88","1","0","98.3"
"2025-10-09","Central HS","High School","2600","2316","89","1","2","97.4"
"2025-10-09","Foster HS","High School","2500","2200","88","1","0","98.9"
"2025-10-09","Indian Springs MS","Middle","1200","1059","88","4","2","98.1"
"2025-10-09","Hillwood MS","Middle","1150","1018","88","1","1","100"
"2025-10-09","Trinity Springs MS","Middle","1100","959","87","1","0","98.1"
"2025-10-09","Bear Creek MS","Middle","1050","950","90","0","0","98.6"
"2025-10-09","Timberview MS","Middle","1000","905","90","2","0","97.8"
"2025-10-09","Ridgeview MS","Middle","980","890","91","2","2","97.7"
"2025-10-09","Shady Grove Elem","Elementary","800","720","90","1","2","99.7"
"2025-10-09","Parkwood Elem","Elementary","780","677","87","3","1","98.8"
"2025-10-09","Willowbrook Elem","Elementary","760","643","85","1","1","99.8"
"2025-10-09","Willis Lane Elem","Elementary","750","668","89","4","0","98.2"
"2025-10-09","Florence Elem","Elementary","740","623","84","3","2","100"
"2025-10-09","Basswood Elem","Elementary","730","621","85","4","0","97.3"
"2025-10-09","Parkview Elem","Elementary","720","616","86","0","0","99.8"
"2025-10-09","Liberty Elem","Elementary","710","604","85","2","2","99.2"
"2025-10-09","North Star Elem","Elementary","700","614","88","3","0","98.6"
"2025-10-09","Ridgeview Elem","Elementary","690","599","87","2","1","97.3"
"2025-10-09","Hidden Lakes Elem","Elementary","680","612","90","4","2","97.2"
"2025-10-09","Bluebonnet Elem","Elementary","670","600","90","3","1","98.5"
"2025-10-16","Keller HS","High School","2800","2483","89","2","2","99.4"
"2025-10-16","Timber Creek HS","High School","2700","2366","88","0","1","98.1"
"2025-10-16","Central HS","High School","2600","2316","89","4","0","98.8"
"2025-10-16","Foster HS","High School","2500","2187","88","1","1","97.1"
"2025-10-16","Indian Springs MS","Middle","1200","1041","87","1","2","99.7"
"2025-10-16","Hillwood MS","Middle","1150","1023","89","3","2","97.7"
"2025-10-16","Trinity Springs MS","Middle","1100","989","90","3","0","97.5"
"2025-10-16","Bear Creek MS","Middle","1050","927","88","0","2","100"
"2025-10-16","Timberview MS","Middle","1000","879","88","2","2","97.6"
"2025-10-16","Ridgeview MS","Middle","980","851","87","4","2","99.6"
"2025-10-16","Shady Grove Elem","Elementary","800","721","90","4","2","99"
"2025-10-16","Parkwood Elem","Elementary","780","683","88","2","2","98.3"
"2025-10-16","Willowbrook Elem","Elementary","760","679","89","4","0","99.7"
"2025-10-16","Willis Lane Elem","Elementary","750","630","84","2","0","97.6"
"2025-10-16","Florence Elem","Elementary","740","659","89","1","2","97.3"
"2025-10-16","Basswood Elem","Elementary","730","634","87","1","0","98.9"
"2025-10-16","Parkview Elem","Elementary","720","613","85","0","0","98.8"
"2025-10-16","Liberty Elem","Elementary","710","630","89","2","1","98.1"
"2025-10-16","North Star Elem","Elementary","700","616","88","0","2","99"
"2025-10-16","Ridgeview Elem","Elementary","690","586","85","4","2","98"
"2025-10-16","Hidden Lakes Elem","Elementary","680","611","90","3","1","98.5"
"2025-10-16","Bluebonnet Elem","Elementary","670","595","89","0","1","99.8"
"2025-10-23","Keller HS","High School","2800","2490","89","3","1","98.3"
"2025-10-23","Timber Creek HS","High School","2700","2361","87","4","0","98.8"
"2025-10-23","Central HS","High School","2600","2281","88","4","0","99.6"
"2025-10-23","Foster HS","High School","2500","2216","89","4","1","99"
"2025-10-23","Indian Springs MS","Middle","1200","1029","86","4","2","98.4"
"2025-10-23","Hillwood MS","Middle","1150","1008","88","2","0","99"
"2025-10-23","Trinity Springs MS","Middle","1100","972","88","3","0","99.6"
"2025-10-23","Bear Creek MS","Middle","1050","935","89","2","1","99.2"
"2025-10-23","Timberview MS","Middle","1000","905","90","0","1","98"
"2025-10-23","Ridgeview MS","Middle","980","884","90","4","0","99"
"2025-10-23","Shady Grove Elem","Elementary","800","676","84","3","0","99.3"
"2025-10-23","Parkwood Elem","Elementary","780","675","86","1","2","98.4"
"2025-10-23","Willowbrook Elem","Elementary","760","662","87","1","2","98.4"
"2025-10-23","Willis Lane Elem","Elementary","750","675","90","1","1","99.5"
"2025-10-23","Florence Elem","Elementary","740","625","84","0","2","99.6"
"2025-10-23","Basswood Elem","Elementary","730","646","88","0","2","98.7"
"2025-10-23","Parkview Elem","Elementary","720","632","88","4","1","97.6"
"2025-10-23","Liberty Elem","Elementary","710","632","89","2","2","99.1"
"2025-10-23","North Star Elem","Elementary","700","607","87","4","2","99.8"
"2025-10-23","Ridgeview Elem","Elementary","690","630","91","4","0","97.5"
"2025-10-23","Hidden Lakes Elem","Elementary","680","573","84","2","2","99.5"
"2025-10-23","Bluebonnet Elem","Elementary","670","582","87","3","1","98.7"
"2025-10-30","Keller HS","High School","2800","2454","88","3","0","97.9"
"2025-10-30","Timber Creek HS","High School","2700","2405","89","4","0","98.2"
"2025-10-30","Central HS","High School","2600","2303","89","3","0","97.3"
"2025-10-30","Foster HS","High School","2500","2222","89","2","1","99.8"
"2025-10-30","Indian Springs MS","Middle","1200","1051","88","2","2","98.7"
"2025-10-30","Hillwood MS","Middle","1150","1018","88","1","0","97.9"
"2025-10-30","Trinity Springs MS","Middle","1100","995","90","3","0","98.8"
"2025-10-30","Bear Creek MS","Middle","1050","931","89","1","1","97.4"
"2025-10-30","Timberview MS","Middle","1000","857","86","3","0","99.6"
"2025-10-30","Ridgeview MS","Middle","980","863","88","4","2","97.6"
"2025-10-30","Shady Grove Elem","Elementary","800","694","87","1","1","99.7"
"2025-10-30","Parkwood Elem","Elementary","780","713","91","3","2","97.9"
"2025-10-30","Willowbrook Elem","Elementary","760","640","84","0","1","97.7"
"2025-10-30","Willis Lane Elem","Elementary","750","676","90","3","1","99.9"
"2025-10-30","Florence Elem","Elementary","740","655","88","4","1","98.1"
"2025-10-30","Basswood Elem","Elementary","730","647","89","1","2","97.8"
"2025-10-30","Parkview Elem","Elementary","720","621","86","4","1","99.3"
"2025-10-30","Liberty Elem","Elementary","710","615","87","0","0","99.4"
"2025-10-30","North Star Elem","Elementary","700","629","90","4","2","97.6"
"2025-10-30","Ridgeview Elem","Elementary","690","600","87","2","1","99.5"
"2025-10-30","Hidden Lakes Elem","Elementary","680","590","87","0","0","99.4"
"2025-10-30","Bluebonnet Elem","Elementary","670","616","92","4","2","97.7"
"2025-11-06","Keller HS","High School","2800","2492","89","3","0","98.6"
"2025-11-06","Timber Creek HS","High School","2700","2370","88","4","0","98.6"
"2025-11-06","Central HS","High School","2600","2299","88","3","1","98.6"
"2025-11-06","Foster HS","High School","2500","2227","89","1","2","97.5"
"2025-11-06","Indian Springs MS","Middle","1200","1028","86","3","1","97.4"
"2025-11-06","Hillwood MS","Middle","1150","1028","89","3","2","98.3"
"2025-11-06","Trinity Springs MS","Middle","1100","963","88","1","1","98.8"
"2025-11-06","Bear Creek MS","Middle","1050","923","88","3","2","99.2"
"2025-11-06","Timberview MS","Middle","1000","880","88","2","1","98.3"
"2025-11-06","Ridgeview MS","Middle","980","864","88","2","1","97.2"
"2025-11-06","Shady Grove Elem","Elementary","800","730","91","3","1","97"
"2025-11-06","Parkwood Elem","Elementary","780","698","90","0","0","98"
"2025-11-06","Willowbrook Elem","Elementary","760","671","88","3","0","99.8"
"2025-11-06","Willis Lane Elem","Elementary","750","662","88","3","0","98.6"
"2025-11-06","Florence Elem","Elementary","740","626","85","0","2","98.2"
"2025-11-06","Basswood Elem","Elementary","730","630","86","4","2","99"
"2025-11-06","Parkview Elem","Elementary","720","642","89","3","2","98.8"
"2025-11-06","Liberty Elem","Elementary","710","618","87","1","1","97.1"
"2025-11-06","North Star Elem","Elementary","700","632","90","3","2","97.7"
"2025-11-06","Ridgeview Elem","Elementary","690","578","84","3","2","98.3"
"2025-11-06","Hidden Lakes Elem","Elementary","680","625","92","0","1","97.2"
"2025-11-06","Bluebonnet Elem","Elementary","670","614","92","4","1","97.7"
"2025-11-13","Keller HS","High School","2800","2461","88","2","0","99.9"
"2025-11-13","Timber Creek HS","High School","2700","2398","89","2","2","97.3"
"2025-11-13","Central HS","High School","2600","2260","87","1","0","99.4"
"2025-11-13","Foster HS","High School","2500","2206","88","2","0","98.7"
"2025-11-13","Indian Springs MS","Middle","1200","1043","87","0","1","97.5"
"2025-11-13","Hillwood MS","Middle","1150","999","87","1","1","99.9"
"2025-11-13","Trinity Springs MS","Middle","1100","945","86","1","2","99.5"
"2025-11-13","Bear Creek MS","Middle","1050","929","88","2","1","99.2"
"2025-11-13","Timberview MS","Middle","1000","855","86","1","0","97.9"
"2025-11-13","Ridgeview MS","Middle","980","876","89","0","0","97"
"2025-11-13","Shady Grove Elem","Elementary","800","702","88","2","2","97.7"
"2025-11-13","Parkwood Elem","Elementary","780","667","86","2","1","98"
"2025-11-13","Willowbrook Elem","Elementary","760","641","84","4","0","98"
"2025-11-13","Willis Lane Elem","Elementary","750","637","85","3","0","97.4"
"2025-11-13","Florence Elem","Elementary","740","621","84","4","1","99.8"
"2025-11-13","Basswood Elem","Elementary","730","612","84","2","0","97.2"
"2025-11-13","Parkview Elem","Elementary","720","604","84","4","1","99.6"
"2025-11-13","Liberty Elem","Elementary","710","654","92","1","2","98.1"
"2025-11-13","North Star Elem","Elementary","700","595","85","0","2","98.8"
"2025-11-13","Ridgeview Elem","Elementary","690","608","88","3","2","98.5"
"2025-11-13","Hidden Lakes Elem","Elementary","680","589","87","4","2","98.8"
"2025-11-13","Bluebonnet Elem","Elementary","670","612","91","0","1","97.6"
"2025-11-20","Keller HS","High School","2800","2462","88","4","1","100"
"2025-11-20","Timber Creek HS","High School","2700","2369","88","4","0","99.5"
"2025-11-20","Central HS","High School","2600","2300","88","4","0","98"
"2025-11-20","Foster HS","High School","2500","2187","88","3","0","98.6"
"2025-11-20","Indian Springs MS","Middle","1200","1065","89","0","0","98.4"
"2025-11-20","Hillwood MS","Middle","1150","991","86","0","0","97.1"
"2025-11-20","Trinity Springs MS","Middle","1100","957","87","2","2","98.8"
"2025-11-20","Bear Creek MS","Middle","1050","948","90","2","1","99.1"
"2025-11-20","Timberview MS","Middle","1000","895","90","1","0","97.2"
"2025-11-20","Ridgeview MS","Middle","980","879","90","3","0","98"
"2025-11-20","Shady Grove Elem","Elementary","800","714","89","2","2","97.7"
"2025-11-20","Parkwood Elem","Elementary","780","714","92","1","0","97.8"
"2025-11-20","Willowbrook Elem","Elementary","760","672","88","2","1","98"
"2025-11-20","Willis Lane Elem","Elementary","750","635","85","1","2","97.4"
"2025-11-20","Florence Elem","Elementary","740","632","85","0","1","99.7"
"2025-11-20","Basswood Elem","Elementary","730","645","88","1","1","98.8"
"2025-11-20","Parkview Elem","Elementary","720","659","92","4","1","98.7"
"2025-11-20","Liberty Elem","Elementary","710","638","90","0","1","98.5"
"2025-11-20","North Star Elem","Elementary","700","637","91","4","1","97.4"
"2025-11-20","Ridgeview Elem","Elementary","690","580","84","2","0","97.5"
"2025-11-20","Hidden Lakes Elem","Elementary","680","613","90","2","1","98.8"
"2025-11-20","Bluebonnet Elem","Elementary","670","589","88","2","2","97.2"
"2025-11-27","Keller HS","High School","2800","2475","88","4","2","99.6"
"2025-11-27","Timber Creek HS","High School","2700","2379","88","4","0","99.9"
"2025-11-27","Central HS","High School","2600","2317","89","3","0","97.8"
"2025-11-27","Foster HS","High School","2500","2173","87","2","2","98.5"
"2025-11-27","Indian Springs MS","Middle","1200","1063","89","3","1","98.7"
"2025-11-27","Hillwood MS","Middle","1150","989","86","3","1","99"
"2025-11-27","Trinity Springs MS","Middle","1100","952","86","3","0","98.7"
"2025-11-27","Bear Creek MS","Middle","1050","938","89","2","2","99.9"
"2025-11-27","Timberview MS","Middle","1000","870","87","1","0","100"
"2025-11-27","Ridgeview MS","Middle","980","882","90","2","1","99.8"
"2025-11-27","Shady Grove Elem","Elementary","800","731","91","0","1","98.3"
"2025-11-27","Parkwood Elem","Elementary","780","695","89","3","2","99.7"
"2025-11-27","Willowbrook Elem","Elementary","760","676","89","2","2","98.3"
"2025-11-27","Willis Lane Elem","Elementary","750","649","86","0","0","98.6"
"2025-11-27","Florence Elem","Elementary","740","643","87","2","2","99.7"
"2025-11-27","Basswood Elem","Elementary","730","629","86","3","2","97.4"
"2025-11-27","Parkview Elem","Elementary","720","633","88","4","0","97.5"
"2025-11-27","Liberty Elem","Elementary","710","607","86","1","0","97.4"
"2025-11-27","North Star Elem","Elementary","700","627","90","4","2","99"
"2025-11-27","Ridgeview Elem","Elementary","690","579","84","2","1","98.7"
"2025-11-27","Hidden Lakes Elem","Elementary","680","596","88","2","2","98.1"
"2025-11-27","Bluebonnet Elem","Elementary","670","600","90","2","0","98.9"
"2025-12-04","Keller HS","High School","2800","2478","88","4","2","99.8"
"2025-12-04","Timber Creek HS","High School","2700","2364","88","4","2","97.5"
"2025-12-04","Central HS","High School","2600","2278","88","0","0","99.7"
"2025-12-04","Foster HS","High School","2500","2218","89","3","0","99.8"
"2025-12-04","Indian Springs MS","Middle","1200","1058","88","2","2","99.7"
"2025-12-04","Hillwood MS","Middle","1150","984","86","3","0","97.4"
"2025-12-04","Trinity Springs MS","Middle","1100","948","86","2","2","97.1"
"2025-12-04","Bear Creek MS","Middle","1050","942","90","0","1","98.7"
"2025-12-04","Timberview MS","Middle","1000","876","88","2","2","97.4"
"2025-12-04","Ridgeview MS","Middle","980","879","90","0","0","99.9"
"2025-12-04","Shady Grove Elem","Elementary","800","723","90","1","2","98.9"
"2025-12-04","Parkwood Elem","Elementary","780","675","86","1","1","99.4"
"2025-12-04","Willowbrook Elem","Elementary","760","697","92","3","0","97.2"
"2025-12-04","Willis Lane Elem","Elementary","750","679","90","0","1","98.3"
"2025-12-04","Florence Elem","Elementary","740","662","90","1","0","97.8"
"2025-12-04","Basswood Elem","Elementary","730","638","87","2","0","97.3"
"2025-12-04","Parkview Elem","Elementary","720","632","88","1","1","98"
"2025-12-04","Liberty Elem","Elementary","710","608","86","0","2","98.9"
"2025-12-04","North Star Elem","Elementary","700","631","90","2","0","97.7"
"2025-12-04","Ridgeview Elem","Elementary","690","602","87","1","1","97.6"
"2025-12-04","Hidden Lakes Elem","Elementary","680","579","85","1","2","97.1"
"2025-12-04","Bluebonnet Elem","Elementary","670","586","88","3","0","98.6"
"2025-12-11","Keller HS","High School","2800","2459","88","0","0","97.6"
"2025-12-11","Timber Creek HS","High School","2700","2380","88","1","2","97"
"2025-12-11","Central HS","High School","2600","2268","87","4","2","100"
"2025-12-11","Foster HS","High School","2500","2229","89","3","0","98.2"
"2025-12-11","Indian Springs MS","Middle","1200","1078","90","4","0","98.4"
"2025-12-11","Hillwood MS","Middle","1150","983","86","0","2","99.6"
"2025-12-11","Trinity Springs MS","Middle","1100","958","87","3","2","97"
"2025-12-11","Bear Creek MS","Middle","1050","950","90","3","1","97.5"
"2025-12-11","Timberview MS","Middle","1000","889","89","2","2","99.5"
"2025-12-11","Ridgeview MS","Middle","980","867","88","3","2","98.4"
"2025-12-11","Shady Grove Elem","Elementary","800","722","90","2","2","99.6"
"2025-12-11","Parkwood Elem","Elementary","780","672","86","0","2","99.9"
"2025-12-11","Willowbrook Elem","Elementary","760","643","85","4","1","97.9"
"2025-12-11","Willis Lane Elem","Elementary","750","659","88","0","1","99"
"2025-12-11","Florence Elem","Elementary","740","657","89","3","2","99.2"
"2025-12-11","Basswood Elem","Elementary","730","619","85","3","0","99.6"
"2025-12-11","Parkview Elem","Elementary","720","609","85","3","2","97.9"
"2025-12-11","Liberty Elem","Elementary","710","641","90","0","1","97.9"
"2025-12-11","North Star Elem","Elementary","700","620","89","3","1","97.6"
"2025-12-11","Ridgeview Elem","Elementary","690","610","88","0","2","99.4"
"2025-12-11","Hidden Lakes Elem","Elementary","680","594","87","0","0","98.1"
"2025-12-11","Bluebonnet Elem","Elementary","670","563","84","0","0","99.1"
"2025-12-18","Keller HS","High School","2800","2474","88","0","0","98.3"
"2025-12-18","Timber Creek HS","High School","2700","2389","88","2","2","99.3"
"2025-12-18","Central HS","High School","2600","2314","89","2","0","97.4"
"2025-12-18","Foster HS","High School","2500","2184","87","4","0","99"
"2025-12-18","Indian Springs MS","Middle","1200","1042","87","0","0","98.6"
"2025-12-18","Hillwood MS","Middle","1150","1035","90","1","2","97.7"
"2025-12-18","Trinity Springs MS","Middle","1100","989","90","2","0","99.6"
"2025-12-18","Bear Creek MS","Middle","1050","901","86","1","1","99.9"
"2025-12-18","Timberview MS","Middle","1000","850","85","0","2","97.1"
"2025-12-18","Ridgeview MS","Middle","980","859","88","4","0","99.2"
"2025-12-18","Shady Grove Elem","Elementary","800","696","87","0","2","99.5"
"2025-12-18","Parkwood Elem","Elementary","780","695","89","0","0","98.7"
"2025-12-18","Willowbrook Elem","Elementary","760","669","88","2","0","98.5"
"2025-12-18","Willis Lane Elem","Elementary","750","677","90","3","1","97.7"
"2025-12-18","Florence Elem","Elementary","740","663","90","0","1","98.3"
"2025-12-18","Basswood Elem","Elementary","730","669","92","4","1","98"
"2025-12-18","Parkview Elem","Elementary","720","661","92","4","2","99.2"
"2025-12-18","Liberty Elem","Elementary","710","612","86","1","2","99.5"
"2025-12-18","North Star Elem","Elementary","700","626","89","4","2","98.2"
"2025-12-18","Ridgeview Elem","Elementary","690","588","85","2","1","99.3"
"2025-12-18","Hidden Lakes Elem","Elementary","680","615","90","0","2","97.3"
"2025-12-18","Bluebonnet Elem","Elementary","670","616","92","0","0","97.5"
"2025-12-25","Keller HS","High School","2800","2443","87","1","0","97.6"
"2025-12-25","Timber Creek HS","High School","2700","2392","89","2","2","99.6"
"2025-12-25","Central HS","High School","2600","2299","88","1","0","98.3"
"2025-12-25","Foster HS","High School","2500","2216","89","3","2","98.5"
"2025-12-25","Indian Springs MS","Middle","1200","1044","87","0","1","98"
"2025-12-25","Hillwood MS","Middle","1150","996","87","2","2","97.7"
"2025-12-25","Trinity Springs MS","Middle","1100","982","89","1","2","97.5"
"2025-12-25","Bear Creek MS","Middle","1050","903","86","2","2","98.6"
"2025-12-25","Timberview MS","Middle","1000","859","86","4","0","98.5"
"2025-12-25","Ridgeview MS","Middle","980","858","88","4","2","97.7"
"2025-12-25","Shady Grove Elem","Elementary","800","676","84","2","1","98.3"
"2025-12-25","Parkwood Elem","Elementary","780","709","91","4","2","98.6"
"2025-12-25","Willowbrook Elem","Elementary","760","657","86","1","0","98.2"
"2025-12-25","Willis Lane Elem","Elementary","750","646","86","0","0","98.2"
"2025-12-25","Florence Elem","Elementary","740","640","86","0","1","99.7"
"2025-12-25","Basswood Elem","Elementary","730","664","91","1","0","99.6"
"2025-12-25","Parkview Elem","Elementary","720","648","90","2","0","97.2"
"2025-12-25","Liberty Elem","Elementary","710","596","84","3","2","99.7"
"2025-12-25","North Star Elem","Elementary","700","631","90","1","2","99.2"
"2025-12-25","Ridgeview Elem","Elementary","690","578","84","1","1","97.2"
"2025-12-25","Hidden Lakes Elem","Elementary","680","610","90","4","1","99"
"2025-12-25","Bluebonnet Elem","Elementary","670","564","84","2","1","98.9"
"2026-01-01","Keller HS","High School","2800","2490","89","0","2","98.4"
"2026-01-01","Timber Creek HS","High School","2700","2352","87","3","0","98.2"
"2026-01-01","Central HS","High School","2600","2270","87","2","0","97"
"2026-01-01","Foster HS","High School","2500","2214","89","3","0","97.2"
"2026-01-01","Indian Springs MS","Middle","1200","1064","89","0","0","97.5"
"2026-01-01","Hillwood MS","Middle","1150","1010","88","0","1","99.5"
"2026-01-01","Trinity Springs MS","Middle","1100","975","89","1","0","97.4"
"2026-01-01","Bear Creek MS","Middle","1050","947","90","3","0","99.6"
"2026-01-01","Timberview MS","Middle","1000","865","86","2","0","98"
"2026-01-01","Ridgeview MS","Middle","980","852","87","0","2","97.2"
"2026-01-01","Shady Grove Elem","Elementary","800","731","91","2","1","98.8"
"2026-01-01","Parkwood Elem","Elementary","780","684","88","3","2","98.4"
"2026-01-01","Willowbrook Elem","Elementary","760","683","90","1","0","97.6"
"2026-01-01","Willis Lane Elem","Elementary","750","634","84","1","1","99.6"
"2026-01-01","Florence Elem","Elementary","740","646","87","2","2","98"
"2026-01-01","Basswood Elem","Elementary","730","649","89","2","2","99.8"
"2026-01-01","Parkview Elem","Elementary","720","614","85","1","1","99.1"
"2026-01-01","Liberty Elem","Elementary","710","615","87","1","1","99.8"
"2026-01-01","North Star Elem","Elementary","700","617","88","2","2","100"
"2026-01-01","Ridgeview Elem","Elementary","690","581","84","0","2","98.5"
"2026-01-01","Hidden Lakes Elem","Elementary","680","597","88","3","0","99.1"
"2026-01-01","Bluebonnet Elem","Elementary","670","578","86","1","0","98.8"
"2026-01-08","Keller HS","High School","2800","2465","88","1","2","98.6"
"2026-01-08","Timber Creek HS","High School","2700","2379","88","0","2","98"
"2026-01-08","Central HS","High School","2600","2267","87","4","0","97.9"
"2026-01-08","Foster HS","High School","2500","2203","88","2","1","97.6"
"2026-01-08","Indian Springs MS","Middle","1200","1076","90","0","0","98.6"
"2026-01-08","Hillwood MS","Middle","1150","1020","89","0","1","99.3"
"2026-01-08","Trinity Springs MS","Middle","1100","952","86","2","2","97.9"
"2026-01-08","Bear Creek MS","Middle","1050","943","90","4","2","98.7"
"2026-01-08","Timberview MS","Middle","1000","868","87","4","1","99.4"
"2026-01-08","Ridgeview MS","Middle","980","876","89","1","2","98.9"
"2026-01-08","Shady Grove Elem","Elementary","800","679","85","3","1","98.7"
"2026-01-08","Parkwood Elem","Elementary","780","706","90","4","2","100"
"2026-01-08","Willowbrook Elem","Elementary","760","675","89","2","0","98.4"
"2026-01-08","Willis Lane Elem","Elementary","750","640","85","3","2","97.1"
"2026-01-08","Florence Elem","Elementary","740","625","84","4","2","99.8"
"2026-01-08","Basswood Elem","Elementary","730","669","92","4","1","97.3"
"2026-01-08","Parkview Elem","Elementary","720","607","84","3","1","98.1"
"2026-01-08","Liberty Elem","Elementary","710","641","90","1","2","97.8"
"2026-01-08","North Star Elem","Elementary","700","598","85","1","0","97.1"
"2026-01-08","Ridgeview Elem","Elementary","690","636","92","3","2","100"
"2026-01-08","Hidden Lakes Elem","Elementary","680","605","89","1","2","98.4"
"2026-01-08","Bluebonnet Elem","Elementary","670","596","89","0","0","98.4"
"2026-01-15","Keller HS","High School","2800","2442","87","4","1","99.1"
"2026-01-15","Timber Creek HS","High School","2700","2353","87","2","1","98.8"
"2026-01-15","Central HS","High School","2600","2292","88","0","2","98.3"
"2026-01-15","Foster HS","High School","2500","2213","88","2","2","99.2"
"2026-01-15","Indian Springs MS","Middle","1200","1043","87","4","0","99.6"
"2026-01-15","Hillwood MS","Middle","1150","1004","87","2","0","99.6"
"2026-01-15","Trinity Springs MS","Middle","1100","940","86","1","2","98.6"
"2026-01-15","Bear Creek MS","Middle","1050","938","89","4","0","99.4"
"2026-01-15","Timberview MS","Middle","1000","864","86","3","1","99.8"
"2026-01-15","Ridgeview MS","Middle","980","863","88","3","0","99.2"
"2026-01-15","Shady Grove Elem","Elementary","800","698","87","2","2","98.7"
"2026-01-15","Parkwood Elem","Elementary","780","665","85","1","2","97.3"
"2026-01-15","Willowbrook Elem","Elementary","760","642","84","0","1","99.6"
"2026-01-15","Willis Lane Elem","Elementary","750","631","84","4","2","98.7"
"2026-01-15","Florence Elem","Elementary","740","624","84","3","1","99"
"2026-01-15","Basswood Elem","Elementary","730","651","89","1","0","97.6"
"2026-01-15","Parkview Elem","Elementary","720","609","85","0","1","99.7"
"2026-01-15","Liberty Elem","Elementary","710","648","91","2","0","97.6"
"2026-01-15","North Star Elem","Elementary","700","642","92","1","1","99.8"
"2026-01-15","Ridgeview Elem","Elementary","690","618","90","1","0","97"
"2026-01-15","Hidden Lakes Elem","Elementary","680","574","84","2","1","97.7"
"2026-01-15","Bluebonnet Elem","Elementary","670","592","88","0","1","99.3"
"2026-01-22","Keller HS","High School","2800","2466","88","0","2","97.9"
"2026-01-22","Timber Creek HS","High School","2700","2399","89","0","0","97.6"
"2026-01-22","Central HS","High School","2600","2267","87","4","2","99.4"
"2026-01-22","Foster HS","High School","2500","2184","87","0","2","99.4"
"2026-01-22","Indian Springs MS","Middle","1200","1061","88","2","2","97.6"
"2026-01-22","Hillwood MS","Middle","1150","983","86","4","1","99"
"2026-01-22","Trinity Springs MS","Middle","1100","990","90","2","0","98.2"
"2026-01-22","Bear Creek MS","Middle","1050","951","91","0","2","98.1"
"2026-01-22","Timberview MS","Middle","1000","906","91","3","0","99.9"
"2026-01-22","Ridgeview MS","Middle","980","880","90","1","0","99"
"2026-01-22","Shady Grove Elem","Elementary","800","723","90","1","2","98.1"
"2026-01-22","Parkwood Elem","Elementary","780","706","90","4","0","98.6"
"2026-01-22","Willowbrook Elem","Elementary","760","641","84","0","2","97.4"
"2026-01-22","Willis Lane Elem","Elementary","750","667","89","0","0","98.9"
"2026-01-22","Florence Elem","Elementary","740","627","85","0","2","97"
"2026-01-22","Basswood Elem","Elementary","730","667","91","2","2","98.9"
"2026-01-22","Parkview Elem","Elementary","720","618","86","3","2","98.5"
"2026-01-22","Liberty Elem","Elementary","710","630","89","0","2","99.1"
"2026-01-22","North Star Elem","Elementary","700","632","90","1","2","98.8"
"2026-01-22","Ridgeview Elem","Elementary","690","626","91","2","0","97.7"
"2026-01-22","Hidden Lakes Elem","Elementary","680","620","91","3","0","97.8"
"2026-01-22","Bluebonnet Elem","Elementary","670","580","87","0","2","98.5"
"2026-01-29","Keller HS","High School","2800","2487","89","1","2","97.2"
"2026-01-29","Timber Creek HS","High School","2700","2384","88","1","0","98"
"2026-01-29","Central HS","High School","2600","2315","89","1","0","97.3"
"2026-01-29","Foster HS","High School","2500","2229","89","1","0","99.2"
"2026-01-29","Indian Springs MS","Middle","1200","1051","88","4","1","99.2"
"2026-01-29","Hillwood MS","Middle","1150","994","86","2","2","97"
"2026-01-29","Trinity Springs MS","Middle","1100","992","90","0","2","97.7"
"2026-01-29","Bear Creek MS","Middle","1050","949","90","1","2","97.2"
"2026-01-29","Timberview MS","Middle","1000","883","88","0","1","100"
"2026-01-29","Ridgeview MS","Middle","980","866","88","2","2","97.4"
"2026-01-29","Shady Grove Elem","Elementary","800","677","85","0","2","99.1"
"2026-01-29","Parkwood Elem","Elementary","780","700","90","3","1","97.4"
"2026-01-29","Willowbrook Elem","Elementary","760","692","91","2","2","97.1"
"2026-01-29","Willis Lane Elem","Elementary","750","666","89","2","0","97.2"
"2026-01-29","Florence Elem","Elementary","740","637","86","1","0","99.5"
"2026-01-29","Basswood Elem","Elementary","730","659","90","1","2","97.1"
"2026-01-29","Parkview Elem","Elementary","720","656","91","4","1","99.2"
"2026-01-29","Liberty Elem","Elementary","710","624","88","2","1","99.1"
"2026-01-29","North Star Elem","Elementary","700","614","88","0","0","97.1"
"2026-01-29","Ridgeview Elem","Elementary","690","636","92","3","1","98.1"
"2026-01-29","Hidden Lakes Elem","Elementary","680","582","86","2","1","98.3"
"2026-01-29","Bluebonnet Elem","Elementary","670","598","89","4","1","98.2"
"2026-02-05","Keller HS","High School","2800","2452","88","0","0","97.3"
"2026-02-05","Timber Creek HS","High School","2700","2391","89","1","1","97.4"
"2026-02-05","Central HS","High School","2600","2261","87","1","0","99.6"
"2026-02-05","Foster HS","High School","2500","2220","89","2","2","98.7"
"2026-02-05","Indian Springs MS","Middle","1200","1075","90","2","2","99.1"
"2026-02-05","Hillwood MS","Middle","1150","1040","90","1","2","97.4"
"2026-02-05","Trinity Springs MS","Middle","1100","971","88","2","1","99.1"
"2026-02-05","Bear Creek MS","Middle","1050","949","90","3","0","97.1"
"2026-02-05","Timberview MS","Middle","1000","899","90","3","0","99.4"
"2026-02-05","Ridgeview MS","Middle","980","864","88","2","1","99.9"
"2026-02-05","Shady Grove Elem","Elementary","800","729","91","1","1","99.8"
"2026-02-05","Parkwood Elem","Elementary","780","699","90","0","2","97.3"
"2026-02-05","Willowbrook Elem","Elementary","760","667","88","1","2","99"
"2026-02-05","Willis Lane Elem","Elementary","750","684","91","4","2","99.1"
"2026-02-05","Florence Elem","Elementary","740","629","85","4","0","97.8"
"2026-02-05","Basswood Elem","Elementary","730","648","89","4","0","97.2"
"2026-02-05","Parkview Elem","Elementary","720","659","92","0","0","98"
"2026-02-05","Liberty Elem","Elementary","710","645","91","0","0","98.3"
"2026-02-05","North Star Elem","Elementary","700","644","92","2","1","98"
"2026-02-05","Ridgeview Elem","Elementary","690","629","91","1","1","98"
"2026-02-05","Hidden Lakes Elem","Elementary","680","582","86","2","2","97.8"
"2026-02-05","Bluebonnet Elem","Elementary","670","604","90","3","0","99.7"
"2026-02-12","Keller HS","High School","2800","2469","88","0","2","98.6"
"2026-02-12","Timber Creek HS","High School","2700","2372","88","4","1","97.2"
"2026-02-12","Central HS","High School","2600","2301","88","3","1","97.2"
"2026-02-12","Foster HS","High School","2500","2187","88","0","2","98.5"
"2026-02-12","Indian Springs MS","Middle","1200","1051","88","1","2","98.8"
"2026-02-12","Hillwood MS","Middle","1150","994","86","1","2","99.7"
"2026-02-12","Trinity Springs MS","Middle","1100","971","88","4","2","97.9"
"2026-02-12","Bear Creek MS","Middle","1050","901","86","1","2","97.9"
"2026-02-12","Timberview MS","Middle","1000","851","85","4","2","98.8"
"2026-02-12","Ridgeview MS","Middle","980","858","88","3","1","97.6"
"2026-02-12","Shady Grove Elem","Elementary","800","676","84","3","0","98.1"
"2026-02-12","Parkwood Elem","Elementary","780","709","91","4","0","99.5"
"2026-02-12","Willowbrook Elem","Elementary","760","655","86","1","0","99.2"
"2026-02-12","Willis Lane Elem","Elementary","750","681","91","3","0","97.8"
"2026-02-12","Florence Elem","Elementary","740","661","89","2","1","97.6"
"2026-02-12","Basswood Elem","Elementary","730","623","85","2","1","97.5"
"2026-02-12","Parkview Elem","Elementary","720","638","89","2","0","97.2"
"2026-02-12","Liberty Elem","Elementary","710","641","90","2","1","98.8"
"2026-02-12","North Star Elem","Elementary","700","627","90","4","0","97.5"
"2026-02-12","Ridgeview Elem","Elementary","690","623","90","4","1","99.4"
"2026-02-12","Hidden Lakes Elem","Elementary","680","601","88","3","0","99.9"
"2026-02-12","Bluebonnet Elem","Elementary","670","565","84","0","0","97.8"
