"Date","GradeLevel","GraduationYear","TotalEnrolled","NewAccountsCreated","AccountsDeprovisioned","ActiveAccounts","PasswordResets","FERPAComplianceRate","AuditLogEntries"
"2025-02-15","9","2030","620","0","0","617","7","98","21"
"2025-02-15","10","2029","597","1","1","597","5","99","7"
"2025-02-15","11","2028","582","2","0","581","5","99","20"
"2025-02-15","12","2027","567","2","1","566","0","98","19"
"2025-02-16","9","2030","630","0","0","628","3","99","5"
"2025-02-16","10","2029","601","2","0","598","1","99","13"
"2025-02-16","11","2028","590","0","0","589","0","99","16"
"2025-02-16","12","2027","580","2","1","580","3","98","25"
"2025-02-17","9","2030","633","0","0","632","7","98","20"
"2025-02-17","10","2029","616","1","1","615","2","99","16"
"2025-02-17","11","2028","585","0","0","585","1","98","6"
"2025-02-17","12","2027","589","1","1","586","5","98","20"
"2025-02-18","9","2030","621","2","1","620","1","98","21"
"2025-02-18","10","2029","622","1","1","619","1","99","10"
"2025-02-18","11","2028","586","1","0","585","6","98","13"
"2025-02-18","12","2027","592","1","0","590","4","98","8"
"2025-02-19","9","2030","610","0","0","610","1","99","9"
"2025-02-19","10","2029","606","2","1","604","3","98","11"
"2025-02-19","11","2028","594","2","1","592","6","98","19"
"2025-02-19","12","2027","574","2","1","573","7","98","20"
"2025-02-20","9","2030","628","2","0","628","6","99","11"
"2025-02-20","10","2029","621","1","1","620","0","99","25"
"2025-02-20","11","2028","589","1","1","586","6","99","22"
"2025-02-20","12","2027","580","2","0","580","7","98","16"
"2025-02-21","9","2030","618","0","1","615","6","98","6"
"2025-02-21","10","2029","602","0","0","601","6","98","13"
"2025-02-21","11","2028","592","0","0","589","3","99","7"
"2025-02-21","12","2027","592","1","1","591","5","99","18"
"2025-02-22","9","2030","639","2","0","635","7","98","25"
"2025-02-22","10","2029","623","0","0","621","7","98","10"
"2025-02-22","11","2028","603","1","1","603","0","98","11"
"2025-02-22","12","2027","582","1","1","582","2","99","11"
"2025-02-23","9","2030","626","2","1","626","7","99","12"
"2025-02-23","10","2029","608","1","1","604","1","98","18"
"2025-02-23","11","2028","605","1","1","604","5","98","8"
"2025-02-23","12","2027","571","0","1","570","2","99","13"
"2025-02-24","9","2030","631","2","1","631","2","98","27"
"2025-02-24","10","2029","604","1","0","602","0","98","22"
"2025-02-24","11","2028","581","2","0","581","0","98","7"
"2025-02-24","12","2027","581","2","0","578","5","98","25"
"2025-02-25","9","2030","614","1","0","611","3","98","16"
"2025-02-25","10","2029","597","0","1","593","2","99","9"
"2025-02-25","11","2028","584","2","0","584","1","99","18"
"2025-02-25","12","2027","584","1","1","582","0","98","25"
"2025-02-26","9","2030","624","2","0","621","4","98","9"
"2025-02-26","10","2029","614","1","0","612","3","99","7"
"2025-02-26","11","2028","589","1","0","587","4","99","8"
"2025-02-26","12","2027","581","0","0","581","2","98","21"
"2025-02-27","9","2030","618","0","1","614","7","98","10"
"2025-02-27","10","2029","606","0","0","602","0","99","13"
"2025-02-27","11","2028","592","1","0","588","5","99","15"
"2025-02-27","12","2027","580","2","0","576","3","99","11"
"2025-02-28","9","2030","622","0","0","618","2","99","11"
"2025-02-28","10","2029","622","2","0","620","0","98","21"
"2025-02-28","11","2028","586","2","0","586","1","99","9"
"2025-02-28","12","2027","565","0","0","562","1","98","14"
"2025-03-01","9","2030","630","2","1","629","1","98","13"
"2025-03-01","10","2029","605","1","1","605","2","99","20"
"2025-03-01","11","2028","580","0","0","579","4","99","10"
"2025-03-01","12","2027","583","1","0","581","6","99","15"
"2025-03-02","9","2030","629","2","1","629","3","98","18"
"2025-03-02","10","2029","599","2","1","595","2","99","24"
"2025-03-02","11","2028","580","1","0","576","5","98","8"
"2025-03-02","12","2027","567","2","1","564","3","99","19"
"2025-03-03","9","2030","612","0","0","612","4","99","24"
"2025-03-03","10","2029","601","1","0","598","4","99","6"
"2025-03-03","11","2028","606","2","0","606","0","98","13"
"2025-03-03","12","2027","568","1","0","565","0","99","25"
"2025-03-04","9","2030","620","1","0","619","4","99","16"
"2025-03-04","10","2029","598","1","0","597","2","99","10"
"2025-03-04","11","2028","607","1","0","607","7","99","17"
"2025-03-04","12","2027","573","1","0","571","5","98","9"
"2025-03-05","9","2030","635","1","1","634","4","99","14"
"2025-03-05","10","2029","600","1","1","597","1","99","25"
"2025-03-05","11","2028","602","2","0","600","3","98","16"
"2025-03-05","12","2027","567","2","0","567","4","98","12"
"2025-03-06","9","2030","634","2","1","630","6","98","20"
"2025-03-06","10","2029","624","1","1","624","0","99","9"
"2025-03-06","11","2028","594","0","0","594","6","98","15"
"2025-03-06","12","2027","583","0","1","583","2","99","12"
"2025-03-07","9","2030","619","2","1","617","0","98","19"
"2025-03-07","10","2029","611","2","0","610","4","99","25"
"2025-03-07","11","2028","602","2","1","602","2","99","19"
"2025-03-07","12","2027","586","2","0","583","4","99","24"
"2025-03-08","9","2030","639","1","0","639","6","99","23"
"2025-03-08","10","2029","617","1","0","616","1","98","22"
"2025-03-08","11","2028","595","0","1","595","4","98","11"
"2025-03-08","12","2027","575","1","1","575","3","98","15"
"2025-03-09","9","2030","627","0","0","626","5","98","21"
"2025-03-09","10","2029","597","0","0","597","7","99","13"
"2025-03-09","11","2028","603","1","0","599","1","98","6"
"2025-03-09","12","2027","569","2","0","566","3","99","20"
"2025-03-10","9","2030","628","1","0","625","3","98","25"
"2025-03-10","10","2029","619","1","0","619","0","98","6"
"2025-03-10","11","2028","599","1","0","595","7","99","20"
"2025-03-10","12","2027","583","0","1","580","0","99","15"
"2025-03-11","9","2030","624","2","1","620","7","98","24"
"2025-03-11","10","2029","607","1","0","605","7","98","24"
"2025-03-11","11","2028","590","2","1","587","1","98","19"
"2025-03-11","12","2027","568","0","0","564","4","99","12"
"2025-03-12","9","2030","628","2","1","626","1","99","15"
"2025-03-12","10","2029","608","0","1","604","5","98","13"
"2025-03-12","11","2028","595","2","0","592","2","99","21"
"2025-03-12","12","2027","593","0","1","589","1","98","13"
"2025-03-13","9","2030","634","2","0","632","7","99","10"
"2025-03-13","10","2029","596","0","0","593","4","98","11"
"2025-03-13","11","2028","580","2","1","578","5","99","24"
"2025-03-13","12","2027","588","1","0","588","3","98","21"
"2025-03-14","9","2030","637","2","0","636","4","99","19"
"2025-03-14","10","2029","602","2","0","601","7","98","18"
"2025-03-14","11","2028","592","1","0","589","7","98","19"
"2025-03-14","12","2027","570","1","1","568","7","99","26"
"2025-03-15","9","2030","636","0","0","634","7","98","11"
"2025-03-15","10","2029","599","2","1","595","5","99","24"
"2025-03-15","11","2028","594","1","0","590","0","99","16"
"2025-03-15","12","2027","574","1","0","573","5","98","10"
"2025-03-16","9","2030","621","2","1","619","3","99","13"
"2025-03-16","10","2029","618","1","0","616","0","98","9"
"2025-03-16","11","2028","585","2","1","582","7","98","27"
"2025-03-16","12","2027","593","0","1","590","2","99","19"
"2025-03-17","9","2030","632","0","1","628","1","99","14"
"2025-03-17","10","2029","616","2","1","614","3","99","23"
"2025-03-17","11","2028","603","1","1","603","7","98","22"
"2025-03-17","12","2027","592","1","0","588","7","98","9"
"2025-03-18","9","2030","629","1","1","629","3","99","23"
"2025-03-18","10","2029","597","2","1","593","5","99","8"
"2025-03-18","11","2028","591","1","0","591","3","98","7"
"2025-03-18","12","2027","577","1","1","573","3","98","8"
"2025-03-19","9","2030","624","2","1","620","1","98","14"
"2025-03-19","10","2029","607","1","1","604","7","98","11"
"2025-03-19","11","2028","588","2","1","588","7","99","14"
"2025-03-19","12","2027","586","1","1","584","1","98","14"
"2025-03-20","9","2030","610","2","1","608","0","99","15"
"2025-03-20","10","2029","624","0","0","622","4","98","22"
"2025-03-20","11","2028","595","2","0","594","0","99","24"
"2025-03-20","12","2027","567","0","1","563","1","99","15"
"2025-03-21","9","2030","610","1","0","607","6","99","23"
"2025-03-21","10","2029","596","1","1","593","2","99","9"
"2025-03-21","11","2028","580","2","0","578","1","98","14"
"2025-03-21","12","2027","569","2","1","565","6","99","12"
"2025-03-22","9","2030","630","2","1","626","3","98","20"
"2025-03-22","10","2029","595","1","1","592","6","98","9"
"2025-03-22","11","2028","608","2","1","607","1","99","11"
"2025-03-22","12","2027","585","2","1","583","4","99","8"
"2025-03-23","9","2030","617","2","0","615","5","98","7"
"2025-03-23","10","2029","613","2","1","609","1","98","8"
"2025-03-23","11","2028","580","1","0","578","0","98","14"
"2025-03-23","12","2027","574","1","0","570","0","98","8"
"2025-03-24","9","2030","629","0","0","628","0","98","6"
"2025-03-24","10","2029","624","0","0","624","0","98","21"
"2025-03-24","11","2028","588","1","0","585","7","99","24"
"2025-03-24","12","2027","568","2","1","565","6","99","24"
"2025-03-25","9","2030","616","2","0","615","6","98","13"
"2025-03-25","10","2029","610","1","0","609","5","98","6"
"2025-03-25","11","2028","601","1","0","598","6","98","18"
"2025-03-25","12","2027","567","0","0","565","3","99","15"
"2025-03-26","9","2030","632","0","1","628","0","98","20"
"2025-03-26","10","2029","614","1","1","611","7","99","21"
"2025-03-26","11","2028","586","0","1","585","3","98","17"
"2025-03-26","12","2027","569","1","0","567","0","99","18"
"2025-03-27","9","2030","625","0","1","621","6","99","12"
"2025-03-27","10","2029","613","2","0","611","6","98","19"
"2025-03-27","11","2028","593","2","1","592","7","99","8"
"2025-03-27","12","2027","575","2","0","572","5","98","10"
"2025-03-28","9","2030","627","2","0","627","5","99","13"
"2025-03-28","10","2029","595","2","1","592","2","98","23"
"2025-03-28","11","2028","581","0","1","581","5","99","7"
"2025-03-28","12","2027","572","1","0","571","1","99","8"
"2025-03-29","9","2030","635","0","1","631","1","99","6"
"2025-03-29","10","2029","605","2","1","605","3","98","11"
"2025-03-29","11","2028","593","0","0","589","5","98","19"
"2025-03-29","12","2027","573","2","0","569","7","99","13"
"2025-03-30","9","2030","623","2","0","620","0","99","25"
"2025-03-30","10","2029","624","0","1","622","0","99","13"
"2025-03-30","11","2028","582","0","0","580","2","99","23"
"2025-03-30","12","2027","592","0","0","588","2","98","11"
"2025-03-31","9","2030","613","1","1","610","3","99","11"
"2025-03-31","10","2029","607","0","0","606","6","99","15"
"2025-03-31","11","2028","584","1","0","583","3","98","23"
"2025-03-31","12","2027","582","2","1","582","1","98","23"
"2025-04-01","9","2030","610","0","1","609","2","99","13"
"2025-04-01","10","2029","605","0","0","605","3","99","7"
"2025-04-01","11","2028","588","2","1","587","5","98","10"
"2025-04-01","12","2027","579","2","0","579","3","98","11"
"2025-04-02","9","2030","639","1","0","636","2","98","13"
"2025-04-02","10","2029","597","1","0","597","1","98","12"
"2025-04-02","11","2028","606","2","1","603","1","98","16"
"2025-04-02","12","2027","581","0","1","581","0","99","24"
"2025-04-03","9","2030","636","2","1","635","5","99","19"
"2025-04-03","10","2029","597","1","1","593","1","98","19"
"2025-04-03","11","2028","608","2","0","606","1","98","19"
"2025-04-03","12","2027","569","1","0","567","2","99","18"
"2025-04-04","9","2030","626","0","1","626","1","98","21"
"2025-04-04","10","2029","618","0","0","616","3","99","12"
"2025-04-04","11","2028","592","0","0","588","4","99","20"
"2025-04-04","12","2027","590","1","1","590","6","98","22"
"2025-04-05","9","2030","626","2","0","622","5","99","8"
"2025-04-05","10","2029","607","1","1","603","4","98","7"
"2025-04-05","11","2028","580","0","1","579","5","98","20"
"2025-04-05","12","2027","573","2","1","573","4","98","8"
"2025-04-06","9","2030","616","0","1","614","0","98","21"
"2025-04-06","10","2029","623","0","1","622","5","98","11"
"2025-04-06","11","2028","605","2","1","605","6","98","23"
"2025-04-06","12","2027","577","2","0","573","6","99","20"
"2025-04-07","9","2030","625","1","0","623","6","98","6"
"2025-04-07","10","2029","612","0","0","608","3","99","9"
"2025-04-07","11","2028","585","0","1","581","0","98","10"
"2025-04-07","12","2027","568","1","0","567","2","98","21"
"2025-04-08","9","2030","612","2","0","612","6","99","10"
"2025-04-08","10","2029","616","1","0","612","5","99","25"
"2025-04-08","11","2028","603","2","0","603","4","99","12"
"2025-04-08","12","2027","572","2","1","569","2","98","24"
"2025-04-09","9","2030","625","0","1","622","0","99","24"
"2025-04-09","10","2029","598","2","0","595","6","98","23"
"2025-04-09","11","2028","608","2","1","604","2","99","27"
"2025-04-09","12","2027","591","0","0","589","3","99","18"
"2025-04-10","9","2030","613","0","1","611","2","99","21"
"2025-04-10","10","2029","624","0","1","621","7","99","13"
"2025-04-10","11","2028","598","0","0","597","4","98","20"
"2025-04-10","12","2027","594","0","1","592","4","99","6"
"2025-04-11","9","2030","637","2","1","633","4","99","18"
"2025-04-11","10","2029","604","1","1","600","0","99","13"
"2025-04-11","11","2028","580","2","1","579","2","99","20"
"2025-04-11","12","2027","590","2","1","588","6","98","27"
"2025-04-12","9","2030","611","0","0","610","6","99","16"
"2025-04-12","10","2029","604","0","0","604","2","98","21"
"2025-04-12","11","2028","589","0","0","586","7","99","7"
"2025-04-12","12","2027","589","1","0","588","3","99","10"
"2025-04-13","9","2030","612","1","1","610","6","99","12"
"2025-04-13","10","2029","597","2","1","594","6","99","11"
"2025-04-13","11","2028","597","1","1","594","3","98","7"
"2025-04-13","12","2027","575","1","1","574","7","98","20"
"2025-04-14","9","2030","624","0","0","620","1","99","20"
"2025-04-14","10","2029","622","2","0","621","6","98","25"
"2025-04-14","11","2028","604","2","1","602","1","99","25"
"2025-04-14","12","2027","593","0","1","592","0","98","24"
"2025-04-15","9","2030","628","2","0","628","0","99","15"
"2025-04-15","10","2029","607","2","1","605","7","99","10"
"2025-04-15","11","2028","584","1","0","582","4","98","20"
"2025-04-15","12","2027","566","1","1","565","7","99","14"
"2025-04-16","9","2030","624","0","0","621","5","99","18"
"2025-04-16","10","2029","605","2","0","601","2","99","14"
"2025-04-16","11","2028","593","2","0","590","1","98","25"
"2025-04-16","12","2027","584","0","1","584","5","99","14"
"2025-04-17","9","2030","611","1","1","610","5","99","25"
"2025-04-17","10","2029","618","0","0","618","5","99","10"
"2025-04-17","11","2028","607","0","1","603","3","98","17"
"2025-04-17","12","2027","586","1","1","586","6","98","22"
"2025-04-18","9","2030","639","2","1","635","3","98","18"
"2025-04-18","10","2029","612","0","0","609","1","98","16"
"2025-04-18","11","2028","582","0","0","578","3","98","16"
"2025-04-18","12","2027","578","1","0","577","0","99","8"
"2025-04-19","9","2030","611","2","1","607","0","99","15"
"2025-04-19","10","2029","611","0","1","607","1","99","10"
"2025-04-19","11","2028","592","2","1","592","5","98","9"
"2025-04-19","12","2027","579","0","1","578","2","99","24"
"2025-04-20","9","2030","627","0","0","623","2","99","24"
"2025-04-20","10","2029","598","2","1","596","4","99","19"
"2025-04-20","11","2028","597","2","0","595","2","98","11"
"2025-04-20","12","2027","575","2","1","571","2","99","10"
"2025-04-21","9","2030","624","0","1","623","4","98","25"
"2025-04-21","10","2029","608","0","0","604","5","98","6"
"2025-04-21","11","2028","604","2","1","602","0","98","24"
"2025-04-21","12","2027","594","0","0","590","6","98","11"
"2025-04-22","9","2030","626","2","1","626","5","99","16"
"2025-04-22","10","2029","624","0","0","624","4","99","15"
"2025-04-22","11","2028","589","1","1","586","7","99","10"
"2025-04-22","12","2027","592","1","0","591","6","98","15"
"2025-04-23","9","2030","611","1","0","609","4","98","9"
"2025-04-23","10","2029","622","2","1","618","2","99","8"
"2025-04-23","11","2028","604","0","0","602","7","99","17"
"2025-04-23","12","2027","567","2","0","566","6","99","11"
"2025-04-24","9","2030","630","0","1","626","1","99","18"
"2025-04-24","10","2029","600","0","1","597","7","99","24"
"2025-04-24","11","2028","591","1","0","588","1","99","9"
"2025-04-24","12","2027","581","2","0","578","4","98","7"
"2025-04-25","9","2030","625","0","0","625","1","98","11"
"2025-04-25","10","2029","618","0","1","618","5","98","7"
"2025-04-25","11","2028","597","1","1","597","2","99","16"
"2025-04-25","12","2027","574","1","1","574","7","99","8"
"2025-04-26","9","2030","620","1","0","618","3","99","24"
"2025-04-26","10","2029","616","1","0","616","4","99","19"
"2025-04-26","11","2028","594","2","1","594","0","98","17"
"2025-04-26","12","2027","569","1","0","565","7","98","25"
"2025-04-27","9","2030","612","2","1","608","0","99","21"
"2025-04-27","10","2029","601","0","1","601","1","99","13"
"2025-04-27","11","2028","603","2","1","603","6","98","12"
"2025-04-27","12","2027","565","2","1","563","1","98","14"
"2025-04-28","9","2030","619","2","0","618","7","99","17"
"2025-04-28","10","2029","608","2","1","605","6","98","18"
"2025-04-28","11","2028","581","2","0","578","6","98","11"
"2025-04-28","12","2027","577","2","0","574","7","98","14"
"2025-04-29","9","2030","633","2","1","629","7","98","14"
"2025-04-29","10","2029","601","2","1","599","6","98","14"
"2025-04-29","11","2028","586","0","1","584","7","98","18"
"2025-04-29","12","2027","578","1","0","576","2","99","21"
"2025-04-30","9","2030","623","0","0","620","3","99","8"
"2025-04-30","10","2029","605","2","0","604","3","98","23"
"2025-04-30","11","2028","607","1","1","606","2","99","15"
"2025-04-30","12","2027","575","1","0","572","6","99","7"
"2025-05-01","9","2030","612","2","1","611","3","99","9"
"2025-05-01","10","2029","590","1","0","590","7","98","8"
"2025-05-01","11","2028","566","2","0","563","2","98","19"
"2025-05-01","12","2027","550","0","13","549","6","99","33"
"2025-05-02","9","2030","614","0","1","613","1","99","25"
"2025-05-02","10","2029","599","2","1","597","6","99","8"
"2025-05-02","11","2028","571","1","1","568","5","98","10"
"2025-05-02","12","2027","556","1","7","552","0","98","31"
"2025-05-03","9","2030","617","2","1","616","6","98","22"
"2025-05-03","10","2029","595","0","0","591","7","98","16"
"2025-05-03","11","2028","562","2","0","559","4","99","17"
"2025-05-03","12","2027","563","2","11","562","0","98","24"
"2025-05-04","9","2030","592","1","0","590","4","99","14"
"2025-05-04","10","2029","584","2","0","582","7","98","22"
"2025-05-04","11","2028","590","0","1","589","0","99","9"
"2025-05-04","12","2027","573","0","12","573","3","99","31"
"2025-05-05","9","2030","600","1","0","598","7","99","7"
"2025-05-05","10","2029","603","1","0","600","6","98","16"
"2025-05-05","11","2028","581","0","1","577","1","99","22"
"2025-05-05","12","2027","569","2","7","566","6","98","24"
"2025-05-06","9","2030","597","1","0","593","2","98","20"
"2025-05-06","10","2029","585","1","1","585","1","98","21"
"2025-05-06","11","2028","571","2","1","571","0","99","18"
"2025-05-06","12","2027","549","1","8","545","6","98","16"
"2025-05-07","9","2030","616","2","0","616","0","99","24"
"2025-05-07","10","2029","585","1","0","585","1","99","17"
"2025-05-07","11","2028","569","0","1","567","7","99","15"
"2025-05-07","12","2027","557","0","11","553","6","99","22"
"2025-05-08","9","2030","615","0","1","612","1","98","24"
"2025-05-08","10","2029","581","0","0","578","1","98","8"
"2025-05-08","11","2028","580","1","1","579","7","98","24"
"2025-05-08","12","2027","555","1","11","553","1","98","35"
"2025-05-09","9","2030","614","2","0","613","3","99","22"
"2025-05-09","10","2029","601","0","1","601","0","98","24"
"2025-05-09","11","2028","575","2","0","575","7","98","7"
"2025-05-09","12","2027","566","1","10","566","5","99","28"
"2025-05-10","9","2030","610","0","1","609","6","98","15"
"2025-05-10","10","2029","586","1","1","583","3","98","16"
"2025-05-10","11","2028","580","1","0","580","3","98","9"
"2025-05-10","12","2027","575","0","8","575","2","99","26"
"2025-05-11","9","2030","604","1","1","604","6","99","18"
"2025-05-11","10","2029","592","2","0","589","0","98","7"
"2025-05-11","11","2028","565","0","0","563","4","99","12"
"2025-05-11","12","2027","548","1","11","548","1","98","30"
"2025-05-12","9","2030","618","2","1","618","3","98","11"
"2025-05-12","10","2029","579","0","1","575","3","98","8"
"2025-05-12","11","2028","589","1","0","586","7","99","11"
"2025-05-12","12","2027","558","2","10","557","6","98","31"
"2025-05-13","9","2030","617","0","0","617","1","98","10"
"2025-05-13","10","2029","581","0","0","578","0","99","14"
"2025-05-13","11","2028","566","0","1","566","4","99","16"
"2025-05-13","12","2027","548","2","11","547","0","99","19"
"2025-05-14","9","2030","605","0","1","605","5","99","17"
"2025-05-14","10","2029","596","1","0","595","4","99","13"
"2025-05-14","11","2028","587","1","1","583","5","98","15"
"2025-05-14","12","2027","549","0","6","545","3","99","24"
"2025-05-15","9","2030","601","1","0","601","4","99","8"
"2025-05-15","10","2029","584","2","0","580","5","99","25"
"2025-05-15","11","2028","574","2","0","573","4","98","10"
"2025-05-15","12","2027","551","2","8","548","1","98","23"
"2025-05-16","9","2030","610","0","0","608","6","99","22"
"2025-05-16","10","2029","577","0","0","576","2","98","12"
"2025-05-16","11","2028","580","1","1","580","4","99","26"
"2025-05-16","12","2027","577","0","13","574","0","99","31"
"2025-05-17","9","2030","592","2","0","590","7","99","8"
"2025-05-17","10","2029","577","1","0","575","2","98","12"
"2025-05-17","11","2028","590","2","1","587","0","98","15"
"2025-05-17","12","2027","563","2","9","562","7","99","26"
"2025-05-18","9","2030","620","1","0","620","6","98","23"
"2025-05-18","10","2029","580","2","0","580","7","99","15"
"2025-05-18","11","2028","563","1","1","562","1","99","13"
"2025-05-18","12","2027","569","1","5","569","1","98","27"
"2025-05-19","9","2030","607","0","1","605","4","98","7"
"2025-05-19","10","2029","597","1","1","596","4","98","9"
"2025-05-19","11","2028","562","1","1","559","3","98","17"
"2025-05-19","12","2027","561","2","9","558","2","98","33"
"2025-05-20","9","2030","593","2","1","591","2","99","18"
"2025-05-20","10","2029","577","1","1","575","0","98","14"
"2025-05-20","11","2028","580","2","1","580","3","99","17"
"2025-05-20","12","2027","573","0","7","569","7","99","24"
"2025-05-21","9","2030","614","1","1","613","6","98","14"
"2025-05-21","10","2029","603","1","1","603","6","99","15"
"2025-05-21","11","2028","578","1","1","575","2","98","24"
"2025-05-21","12","2027","561","2","11","557","2","99","33"
"2025-05-22","9","2030","608","1","0","604","4","98","7"
"2025-05-22","10","2029","602","0","0","602","1","98","12"
"2025-05-22","11","2028","584","0","1","583","3","99","16"
"2025-05-22","12","2027","556","1","11","553","2","99","27"
"2025-05-23","9","2030","600","2","1","600","3","98","12"
"2025-05-23","10","2029","592","2","1","591","5","98","17"
"2025-05-23","11","2028","574","0","1","574","5","98","7"
"2025-05-23","12","2027","568","2","13","565","4","99","29"
"2025-05-24","9","2030","594","0","1","590","4","99","15"
"2025-05-24","10","2029","581","1","0","577","2","99","11"
"2025-05-24","11","2028","588","2","0","584","3","99","26"
"2025-05-24","12","2027","573","2","14","571","7","99","33"
"2025-05-25","9","2030","602","1","0","601","1","99","13"
"2025-05-25","10","2029","593","2","1","591","1","98","15"
"2025-05-25","11","2028","568","0","1","568","6","98","19"
"2025-05-25","12","2027","572","1","11","570","4","99","30"
"2025-05-26","9","2030","605","1","1","601","2","99","13"
"2025-05-26","10","2029","579","2","1","578","7","98","14"
"2025-05-26","11","2028","565","0","1","564","6","98","6"
"2025-05-26","12","2027","553","1","8","551","3","98","25"
"2025-05-27","9","2030","603","2","1","602","0","98","19"
"2025-05-27","10","2029","589","0","0","588","0","98","9"
"2025-05-27","11","2028","580","0","1","580","3","99","15"
"2025-05-27","12","2027","559","2","7","557","6","99","31"
"2025-05-28","9","2030","612","2","0","611","2","99","9"
"2025-05-28","10","2029","579","2","0","575","3","99","16"
"2025-05-28","11","2028","562","0","0","558","5","99","8"
"2025-05-28","12","2027","555","2","8","553","3","98","27"
"2025-05-29","9","2030","605","0","1","605","4","99","13"
"2025-05-29","10","2029","598","0","1","598","2","99","24"
"2025-05-29","11","2028","567","1","0","565","0","99","7"
"2025-05-29","12","2027","548","0","10","545","1","98","20"
"2025-05-30","9","2030","599","2","1","595","2","98","24"
"2025-05-30","10","2029","605","2","1","603","5","99","12"
"2025-05-30","11","2028","566","0","1","563","2","99","23"
"2025-05-30","12","2027","555","0","9","552","4","99","18"
"2025-05-31","9","2030","597","2","1","595","5","98","17"
"2025-05-31","10","2029","597","0","0","597","5","99","14"
"2025-05-31","11","2028","564","1","1","562","3","98","26"
"2025-05-31","12","2027","571","0","6","571","5","98","29"
"2025-06-01","9","2030","614","0","3","612","0","99","9"
"2025-06-01","10","2029","599","2","2","596","4","99","13"
"2025-06-01","11","2028","584","2","3","580","0","98","11"
"2025-06-01","12","2027","549","2","9","549","2","98","24"
"2025-06-02","9","2030","619","0","2","619","1","98","9"
"2025-06-02","10","2029","588","1","3","584","1","99","25"
"2025-06-02","11","2028","591","2","1","591","7","98","11"
"2025-06-02","12","2027","577","2","11","576","6","98","25"
"2025-06-03","9","2030","602","1","1","602","7","98","24"
"2025-06-03","10","2029","597","0","1","596","2","98","12"
"2025-06-03","11","2028","562","1","3","560","4","99","14"
"2025-06-03","12","2027","565","1","8","561","6","98","28"
"2025-06-04","9","2030","607","0","3","606","1","98","20"
"2025-06-04","10","2029","583","2","1","579","0","98","14"
"2025-06-04","11","2028","562","1","1","558","3","99","18"
"2025-06-04","12","2027","558","2","14","554","7","99","37"
"2025-06-05","9","2030","596","0","3","596","1","99","19"
"2025-06-05","10","2029","592","1","1","588","4","99","22"
"2025-06-05","11","2028","586","0","3","586","0","98","13"
"2025-06-05","12","2027","571","0","9","570","4","98","16"
"2025-06-06","9","2030","592","0","3","589","3","99","14"
"2025-06-06","10","2029","586","2","3","586","4","98","15"
"2025-06-06","11","2028","590","2","1","587","2","98","20"
"2025-06-06","12","2027","569","2","14","567","3","98","26"
"2025-06-07","9","2030","608","2","3","605","5","98","26"
"2025-06-07","10","2029","578","1","3","577","5","98","23"
"2025-06-07","11","2028","583","1","3","583","2","99","23"
"2025-06-07","12","2027","567","0","11","565","0","98","25"
"2025-06-08","9","2030","612","2","1","611","6","98","25"
"2025-06-08","10","2029","590","1","1","587","3","99","7"
"2025-06-08","11","2028","577","1","2","577","4","99","24"
"2025-06-08","12","2027","553","1","8","549","3","98","19"
"2025-06-09","9","2030","600","0","3","598","5","99","27"
"2025-06-09","10","2029","597","1","3","597","2","99","21"
"2025-06-09","11","2028","578","0","2","574","1","99","17"
"2025-06-09","12","2027","556","2","5","553","6","99","26"
"2025-06-10","9","2030","596","2","3","593","4","99","10"
"2025-06-10","10","2029","598","2","3","598","5","99","15"
"2025-06-10","11","2028","590","0","2","586","7","99","7"
"2025-06-10","12","2027","558","2","9","554","1","98","22"
"2025-06-11","9","2030","604","2","1","604","0","99","17"
"2025-06-11","10","2029","586","0","3","583","5","99","21"
"2025-06-11","11","2028","585","1","3","582","0","98","12"
"2025-06-11","12","2027","566","1","8","566","3","98","28"
"2025-06-12","9","2030","594","2","1","593","2","98","10"
"2025-06-12","10","2029","595","2","1","591","1","99","17"
"2025-06-12","11","2028","572","0","2","572","2","99","10"
"2025-06-12","12","2027","554","0","8","554","0","99","20"
"2025-06-13","9","2030","609","2","1","606","4","99","12"
"2025-06-13","10","2029","589","1","3","585","5","99","17"
"2025-06-13","11","2028","584","0","1","580","0","98","25"
"2025-06-13","12","2027","564","2","11","564","2","98","27"
"2025-06-14","9","2030","614","1","1","610","6","99","16"
"2025-06-14","10","2029","599","2","1","599","4","99","25"
"2025-06-14","11","2028","574","1","2","570","0","98","19"
"2025-06-14","12","2027","564","1","7","563","7","99","13"
"2025-06-15","9","2030","603","1","1","600","3","99","19"
"2025-06-15","10","2029","579","1","3","575","6","99","19"
"2025-06-15","11","2028","568","0","2","567","5","99","7"
"2025-06-15","12","2027","567","0","10","563","5","98","31"
"2025-06-16","9","2030","612","2","1","608","5","99","21"
"2025-06-16","10","2029","584","2","2","583","5","98","18"
"2025-06-16","11","2028","581","2","2","581","3","98","15"
"2025-06-16","12","2027","562","1","5","562","4","98","19"
"2025-06-17","9","2030","608","0","2","606","2","98","24"
"2025-06-17","10","2029","585","2","1","585","0","98","21"
"2025-06-17","11","2028","569","2","1","569","2","98","11"
"2025-06-17","12","2027","559","2","13","559","5","99","32"
"2025-06-18","9","2030","595","0","1","593","4","98","14"
"2025-06-18","10","2029","589","2","1","589","5","99","11"
"2025-06-18","11","2028","582","2","3","578","4","98","22"
"2025-06-18","12","2027","559","2","13","557","5","99","21"
"2025-06-19","9","2030","610","2","1","606","1","98","11"
"2025-06-19","10","2029","588","2","3","586","5","98","14"
"2025-06-19","11","2028","590","0","3","590","7","99","25"
"2025-06-19","12","2027","548","2","13","546","5","98","31"
"2025-06-20","9","2030","619","1","2","617","5","99","9"
"2025-06-20","10","2029","600","1","3","596","1","99","25"
"2025-06-20","11","2028","563","0","3","560","6","99","13"
"2025-06-20","12","2027","571","0","13","569","3","98","19"
"2025-06-21","9","2030","607","2","2","607","1","99","16"
"2025-06-21","10","2029","590","2","2","588","3","98","12"
"2025-06-21","11","2028","580","1","1","579","1","98","26"
"2025-06-21","12","2027","571","1","10","569","1","99","28"
"2025-06-22","9","2030","620","0","3","620","3","99","23"
"2025-06-22","10","2029","586","2","3","585","3","99","23"
"2025-06-22","11","2028","580","0","2","580","6","99","18"
"2025-06-22","12","2027","571","1","5","567","4","98","14"
"2025-06-23","9","2030","610","2","2","610","7","99","24"
"2025-06-23","10","2029","589","0","1","588","6","98","17"
"2025-06-23","11","2028","587","1","1","587","4","98","23"
"2025-06-23","12","2027","552","2","8","550","4","98","31"
"2025-06-24","9","2030","615","0","3","613","6","99","19"
"2025-06-24","10","2029","593","1","1","589","3","98","17"
"2025-06-24","11","2028","567","1","1","564","2","98","8"
"2025-06-24","12","2027","564","0","14","562","1","99","23"
"2025-06-25","9","2030","605","0","1","602","2","99","20"
"2025-06-25","10","2029","604","2","3","601","6","98","16"
"2025-06-25","11","2028","564","0","1","560","1","98","13"
"2025-06-25","12","2027","563","2","14","562","3","98","27"
"2025-06-26","9","2030","594","2","3","593","6","99","17"
"2025-06-26","10","2029","589","1","1","588","6","98","8"
"2025-06-26","11","2028","582","1","2","579","2","98","27"
"2025-06-26","12","2027","569","2","6","565","7","99","28"
"2025-06-27","9","2030","618","0","2","618","7","99","25"
"2025-06-27","10","2029","600","1","2","600","2","98","27"
"2025-06-27","11","2028","591","2","2","590","3","98","11"
"2025-06-27","12","2027","564","0","10","561","1","98","28"
"2025-06-28","9","2030","617","2","2","613","5","98","16"
"2025-06-28","10","2029","601","0","2","597","6","98","24"
"2025-06-28","11","2028","585","1","3","581","0","98","17"
"2025-06-28","12","2027","563","2","7","561","2","98","24"
"2025-06-29","9","2030","593","1","3","592","5","99","22"
"2025-06-29","10","2029","582","0","2","581","3","99","11"
"2025-06-29","11","2028","567","1","3","565","6","98","24"
"2025-06-29","12","2027","564","0","7","563","2","99","14"
"2025-06-30","9","2030","594","0","3","593","0","98","15"
"2025-06-30","10","2029","602","2","1","598","0","99","25"
"2025-06-30","11","2028","579","0","3","578","3","98","25"
"2025-06-30","12","2027","558","1","10","555","3","99","22"
"2025-07-01","9","2030","613","0","3","613","4","98","9"
"2025-07-01","10","2029","606","1","1","603","2","98","21"
"2025-07-01","11","2028","605","0","2","604","3","99","21"
"2025-07-01","12","2027","573","2","3","570","2","99","16"
"2025-07-02","9","2030","626","0","2","624","2","98","20"
"2025-07-02","10","2029","602","0","3","601","6","98","20"
"2025-07-02","11","2028","592","1","2","590","5","99","27"
"2025-07-02","12","2027","587","2","1","583","4","98","9"
"2025-07-03","9","2030","622","2","2","618","0","99","9"
"2025-07-03","10","2029","621","1","2","618","3","98","27"
"2025-07-03","11","2028","594","1","3","591","0","99","12"
"2025-07-03","12","2027","581","1","1","577","3","99","8"
"2025-07-04","9","2030","624","1","3","621","6","98","12"
"2025-07-04","10","2029","623","0","3","619","7","98","22"
"2025-07-04","11","2028","600","1","3","596","5","99","24"
"2025-07-04","12","2027","583","0","2","581","0","98","18"
"2025-07-05","9","2030","638","2","1","638","7","99","16"
"2025-07-05","10","2029","614","0","1","611","0","98","9"
"2025-07-05","11","2028","597","2","1","596","7","98","18"
"2025-07-05","12","2027","577","1","1","575","2","98","16"
"2025-07-06","9","2030","622","1","3","620","1","99","11"
"2025-07-06","10","2029","614","0","1","612","5","99","23"
"2025-07-06","11","2028","586","2","3","583","1","98","16"
"2025-07-06","12","2027","579","1","2","578","1","98","22"
"2025-07-07","9","2030","634","0","1","634","0","98","24"
"2025-07-07","10","2029","607","2","2","603","7","98","15"
"2025-07-07","11","2028","593","0","3","590","4","99","19"
"2025-07-07","12","2027","582","1","2","582","5","98","22"
"2025-07-08","9","2030","638","2","1","636","2","99","10"
"2025-07-08","10","2029","605","0","3","603","3","99","16"
"2025-07-08","11","2028","590","0","3","588","5","99","21"
"2025-07-08","12","2027","568","1","1","566","7","99","24"
"2025-07-09","9","2030","627","1","3","624","0","99","26"
"2025-07-09","10","2029","617","1","2","615","2","99","16"
"2025-07-09","11","2028","609","1","2","605","6","98","13"
"2025-07-09","12","2027","592","0","2","590","1","99","14"
"2025-07-10","9","2030","613","2","2","611","1","98","13"
"2025-07-10","10","2029","597","2","1","593","0","98","20"
"2025-07-10","11","2028","581","2","2","580","0","99","13"
"2025-07-10","12","2027","586","2","2","584","6","98","18"
"2025-07-11","9","2030","619","2","3","616","4","99","28"
"2025-07-11","10","2029","617","0","1","615","1","98","22"
"2025-07-11","11","2028","603","0","1","599","4","98","23"
"2025-07-11","12","2027","572","1","2","568","6","98","25"
"2025-07-12","9","2030","627","1","3","626","7","98","9"
"2025-07-12","10","2029","605","0","1","604","6","98","8"
"2025-07-12","11","2028","603","2","1","603","0","99","18"
"2025-07-12","12","2027","593","0","3","593","1","98","16"
"2025-07-13","9","2030","630","2","1","629","3","99","19"
"2025-07-13","10","2029","622","1","3","619","5","99","26"
"2025-07-13","11","2028","586","0","2","585","6","99","12"
"2025-07-13","12","2027","575","1","2","571","5","98","26"
"2025-07-14","9","2030","615","0","3","612","4","99","21"
"2025-07-14","10","2029","595","0","2","592","4","99","24"
"2025-07-14","11","2028","593","1","1","592","6","99","18"
"2025-07-14","12","2027","570","0","1","566","0","99","16"
"2025-07-15","9","2030","630","2","3","630","1","99","19"
"2025-07-15","10","2029","614","2","2","612","2","99","27"
"2025-07-15","11","2028","602","0","1","599","4","99","12"
"2025-07-15","12","2027","592","0","3","589","6","99","27"
"2025-07-16","9","2030","631","0","3","627","7","99","8"
"2025-07-16","10","2029","612","1","3","612","4","99","17"
"2025-07-16","11","2028","600","1","2","596","6","99","20"
"2025-07-16","12","2027","572","0","1","570","3","99","14"
"2025-07-17","9","2030","616","1","2","615","2","98","16"
"2025-07-17","10","2029","599","1","1","598","5","98","8"
"2025-07-17","11","2028","603","2","3","603","4","99","12"
"2025-07-17","12","2027","572","0","3","571","0","98","10"
"2025-07-18","9","2030","633","0","1","630","2","99","14"
"2025-07-18","10","2029","600","2","3","598","0","99","22"
"2025-07-18","11","2028","595","2","2","594","7","98","21"
"2025-07-18","12","2027","588","1","2","586","5","99","19"
"2025-07-19","9","2030","627","0","3","623","0","98","22"
"2025-07-19","10","2029","623","1","1","619","6","98","26"
"2025-07-19","11","2028","583","0","1","579","5","98","6"
"2025-07-19","12","2027","568","1","3","568","1","98","24"
"2025-07-20","9","2030","639","1","2","636","2","99","12"
"2025-07-20","10","2029","598","0","1","597","2","99","9"
"2025-07-20","11","2028","608","2","1","604","0","99","14"
"2025-07-20","12","2027","590","0","3","589","4","98","12"
"2025-07-21","9","2030","626","2","2","626","1","99","18"
"2025-07-21","10","2029","621","0","2","620","6","99","21"
"2025-07-21","11","2028","592","1","1","588","0","98","12"
"2025-07-21","12","2027","592","1","3","589","2","98","10"
"2025-07-22","9","2030","633","1","3","631","3","99","12"
"2025-07-22","10","2029","599","2","3","599","6","98","24"
"2025-07-22","11","2028","597","1","1","593","5","98","12"
"2025-07-22","12","2027","594","2","1","593","0","98","26"
"2025-07-23","9","2030","610","1","2","609","0","99","19"
"2025-07-23","10","2029","610","0","1","610","5","98","18"
"2025-07-23","11","2028","582","0","3","581","5","99","9"
"2025-07-23","12","2027","566","1","1","565","4","99","7"
"2025-07-24","9","2030","627","1","3","626","1","98","9"
"2025-07-24","10","2029","610","2","1","608","1","99","13"
"2025-07-24","11","2028","594","1","1","591","0","99","13"
"2025-07-24","12","2027","570","2","2","569","5","98","10"
"2025-07-25","9","2030","620","2","1","617","3","98","24"
"2025-07-25","10","2029","596","1","2","596","4","98","8"
"2025-07-25","11","2028","592","2","1","589","4","98","22"
"2025-07-25","12","2027","579","1","3","579","1","99","20"
"2025-07-26","9","2030","623","2","1","620","2","98","11"
"2025-07-26","10","2029","621","0","3","618","5","99","8"
"2025-07-26","11","2028","583","0","2","579","0","99","13"
"2025-07-26","12","2027","593","0","2","590","5","98","24"
"2025-07-27","9","2030","621","2","2","621","3","98","9"
"2025-07-27","10","2029","614","0","3","611","2","98","23"
"2025-07-27","11","2028","604","2","3","602","6","98","23"
"2025-07-27","12","2027","584","2","2","584","4","99","11"
"2025-07-28","9","2030","622","2","2","621","6","98","19"
"2025-07-28","10","2029","595","1","2","595","2","99","21"
"2025-07-28","11","2028","591","2","2","589","0","99","24"
"2025-07-28","12","2027","592","0","2","592","3","99","17"
"2025-07-29","9","2030","616","0","2","612","1","99","19"
"2025-07-29","10","2029","611","0","1","607","7","98","18"
"2025-07-29","11","2028","590","2","1","588","0","98","24"
"2025-07-29","12","2027","589","0","3","588","5","99","16"
"2025-07-30","9","2030","617","2","2","615","1","98","23"
"2025-07-30","10","2029","604","2","3","601","6","99","13"
"2025-07-30","11","2028","585","0","2","584","3","98","9"
"2025-07-30","12","2027","588","2","3","588","0","99","24"
"2025-07-31","9","2030","624","0","1","620","7","99","19"
"2025-07-31","10","2029","611","2","2","609","5","99","12"
"2025-07-31","11","2028","597","1","3","595","2","98","13"
"2025-07-31","12","2027","591","1","1","591","3","99","22"
"2025-08-01","9","2030","662","11","0","660","4","98","30"
"2025-08-01","10","2029","644","5","0","640","1","99","12"
"2025-08-01","11","2028","621","10","0","621","3","99","26"
"2025-08-01","12","2027","607","8","0","606","0","98","29"
"2025-08-02","9","2030","655","4","0","651","5","99","11"
"2025-08-02","10","2029","636","3","0","635","7","98","8"
"2025-08-02","11","2028","633","8","0","631","7","98","31"
"2025-08-02","12","2027","603","8","0","601","3","99","21"
"2025-08-03","9","2030","655","11","1","655","2","99","28"
"2025-08-03","10","2029","652","5","1","650","7","99","15"
"2025-08-03","11","2028","624","10","1","621","5","99","22"
"2025-08-03","12","2027","616","8","1","614","0","99","27"
"2025-08-04","9","2030","651","11","1","648","2","99","31"
"2025-08-04","10","2029","644","7","1","642","4","99","21"
"2025-08-04","11","2028","616","5","1","615","2","98","19"
"2025-08-04","12","2027","597","7","0","595","4","99","19"
"2025-08-05","9","2030","654","11","1","650","5","98","30"
"2025-08-05","10","2029","636","9","1","633","6","99","15"
"2025-08-05","11","2028","623","10","1","623","6","98","19"
"2025-08-05","12","2027","612","9","1","612","1","99","16"
"2025-08-06","9","2030","641","4","1","640","5","98","25"
"2025-08-06","10","2029","626","3","0","624","1","99","17"
"2025-08-06","11","2028","613","5","0","610","2","98","18"
"2025-08-06","12","2027","605","4","0","602","3","98","11"
"2025-08-07","9","2030","670","10","1","667","7","99","24"
"2025-08-07","10","2029","642","7","0","642","4","99","21"
"2025-08-07","11","2028","612","4","0","608","2","98","26"
"2025-08-07","12","2027","601","8","0","601","3","98","20"
"2025-08-08","9","2030","651","7","1","647","5","98","19"
"2025-08-08","10","2029","630","10","0","629","3","99","34"
"2025-08-08","11","2028","629","4","1","629","0","99","14"
"2025-08-08","12","2027","621","6","0","617","3","98","12"
"2025-08-09","9","2030","667","6","0","667","1","98","11"
"2025-08-09","10","2029","636","4","0","636","4","99","11"
"2025-08-09","11","2028","630","7","0","629","5","98","31"
"2025-08-09","12","2027","616","8","1","616","1","98","26"
"2025-08-10","9","2030","657","9","0","654","4","99","16"
"2025-08-10","10","2029","648","8","1","647","4","99","19"
"2025-08-10","11","2028","630","3","0","629","7","99","11"
"2025-08-10","12","2027","617","8","1","613","5","99","29"
"2025-08-11","9","2030","648","8","1","645","2","98","27"
"2025-08-11","10","2029","630","9","1","627","5","98","33"
"2025-08-11","11","2028","619","9","1","616","2","98","34"
"2025-08-11","12","2027","601","11","0","599","7","98","18"
"2025-08-12","9","2030","647","6","1","645","1","99","20"
"2025-08-12","10","2029","630","5","1","626","3","98","28"
"2025-08-12","11","2028","633","9","1","630","6","99","20"
"2025-08-12","12","2027","620","10","1","619","4","98","31"
"2025-08-13","9","2030","656","6","0","653","1","99","14"
"2025-08-13","10","2029","634","8","1","630","5","98","18"
"2025-08-13","11","2028","612","6","0","610","7","99","21"
"2025-08-13","12","2027","595","9","0","595","0","99","16"
"2025-08-14","9","2030","653","7","0","649","5","98","21"
"2025-08-14","10","2029","638","4","1","636","1","99","27"
"2025-08-14","11","2028","631","3","0","628","1","98","14"
"2025-08-14","12","2027","606","7","1","606","3","99","14"
"2025-08-15","9","2030","667","11","0","663","3","99","19"
"2025-08-15","10","2029","632","4","0","629","5","99","25"
"2025-08-15","11","2028","627","5","0","625","5","98","14"
"2025-08-15","12","2027","608","9","0","604","1","99","31"
"2025-08-16","9","2030","641","11","0","638","6","98","29"
"2025-08-16","10","2029","650","9","1","648","1","98","31"
"2025-08-16","11","2028","622","8","0","621","0","99","29"
"2025-08-16","12","2027","615","10","0","612","7","98","29"
"2025-08-17","9","2030","642","10","0","639","1","98","22"
"2025-08-17","10","2029","630","7","0","626","5","99","29"
"2025-08-17","11","2028","620","5","0","617","0","99","24"
"2025-08-17","12","2027","608","5","0","605","6","99","29"
"2025-08-18","9","2030","652","4","1","649","0","99","15"
"2025-08-18","10","2029","646","11","0","645","3","98","19"
"2025-08-18","11","2028","636","8","1","633","7","98","21"
"2025-08-18","12","2027","620","4","1","616","3","98","27"
"2025-08-19","9","2030","668","4","0","665","2","98","12"
"2025-08-19","10","2029","626","4","0","623","6","99","25"
"2025-08-19","11","2028","613","6","1","612","2","99","27"
"2025-08-19","12","2027","606","6","1","605","5","99","14"
"2025-08-20","9","2030","646","10","1","645","3","99","22"
"2025-08-20","10","2029","648","6","1","645","1","98","20"
"2025-08-20","11","2028","638","7","1","636","1","99","30"
"2025-08-20","12","2027","600","7","1","596","1","99","16"
"2025-08-21","9","2030","647","8","0","645","4","99","20"
"2025-08-21","10","2029","626","4","0","623","7","99","20"
"2025-08-21","11","2028","615","4","1","611","1","99","18"
"2025-08-21","12","2027","604","7","0","602","0","98","27"
"2025-08-22","9","2030","664","7","0","661","0","99","24"
"2025-08-22","10","2029","646","7","1","643","5","99","15"
"2025-08-22","11","2028","628","10","1","628","1","99","34"
"2025-08-22","12","2027","612","7","0","610","0","98","27"
"2025-08-23","9","2030","656","6","1","652","4","98","21"
"2025-08-23","10","2029","638","9","0","634","0","98","24"
"2025-08-23","11","2028","638","8","1","638","0","98","22"
"2025-08-23","12","2027","616","10","1","614","4","98","19"
"2025-08-24","9","2030","651","9","0","647","3","98","31"
"2025-08-24","10","2029","650","9","0","648","2","98","16"
"2025-08-24","11","2028","617","5","0","614","1","99","12"
"2025-08-24","12","2027","598","10","1","596","2","98","23"
"2025-08-25","9","2030","660","11","1","656","6","98","27"
"2025-08-25","10","2029","650","10","0","647","4","99","16"
"2025-08-25","11","2028","614","5","1","610","3","99","23"
"2025-08-25","12","2027","602","8","1","599","2","98","30"
"2025-08-26","9","2030","643","9","0","640","5","99","22"
"2025-08-26","10","2029","642","11","0","640","3","99","17"
"2025-08-26","11","2028","634","9","0","634","1","98","16"
"2025-08-26","12","2027","618","4","0","618","6","99","12"
"2025-08-27","9","2030","644","7","0","642","7","98","29"
"2025-08-27","10","2029","638","3","1","638","0","99","21"
"2025-08-27","11","2028","624","4","0","622","0","98","25"
"2025-08-27","12","2027","609","11","0","606","4","98","31"
"2025-08-28","9","2030","661","4","0","657","2","98","19"
"2025-08-28","10","2029","626","4","0","623","2","99","11"
"2025-08-28","11","2028","638","5","0","634","2","98","28"
"2025-08-28","12","2027","595","11","0","593","7","99","26"
"2025-08-29","9","2030","651","4","1","651","7","99","25"
"2025-08-29","10","2029","632","4","0","632","1","99","27"
"2025-08-29","11","2028","632","3","0","631","4","98","17"
"2025-08-29","12","2027","604","4","1","600","7","99","27"
"2025-08-30","9","2030","655","3","1","653","0","99","19"
"2025-08-30","10","2029","642","6","1","638","1","98","22"
"2025-08-30","11","2028","619","8","1","617","7","98","19"
"2025-08-30","12","2027","601","9","1","599","0","98","30"
"2025-08-31","9","2030","646","8","1","645","7","99","27"
"2025-08-31","10","2029","626","3","1","622","5","98","27"
"2025-08-31","11","2028","634","4","1","634","6","99","27"
"2025-08-31","12","2027","615","7","1","613","3","98","15"
"2025-09-01","9","2030","661","3","1","659","4","99","19"
"2025-09-01","10","2029","644","3","0","641","7","99","23"
"2025-09-01","11","2028","631","6","0","627","3","98","24"
"2025-09-01","12","2027","606","5","0","606","2","99","19"
"2025-09-02","9","2030","662","9","1","660","7","99","15"
"2025-09-02","10","2029","638","5","1","637","2","98","25"
"2025-09-02","11","2028","628","5","1","626","2","98","29"
"2025-09-02","12","2027","603","7","0","599","2","98","27"
"2025-09-03","9","2030","652","3","0","650","0","99","14"
"2025-09-03","10","2029","626","11","1","623","3","99","23"
"2025-09-03","11","2028","633","11","0","629","4","98","29"
"2025-09-03","12","2027","622","5","0","619","5","99","22"
"2025-09-04","9","2030","663","9","1","659","4","98","28"
"2025-09-04","10","2029","630","10","1","626","2","99","28"
"2025-09-04","11","2028","614","7","0","611","5","98","26"
"2025-09-04","12","2027","614","11","0","612","6","98","29"
"2025-09-05","9","2030","643","3","0","640","4","99","23"
"2025-09-05","10","2029","640","10","1","638","7","98","21"
"2025-09-05","11","2028","616","3","0","613","1","98","24"
"2025-09-05","12","2027","621","5","1","620","6","98","29"
"2025-09-06","9","2030","660","4","1","659","6","99","17"
"2025-09-06","10","2029","646","9","0","646","4","98","26"
"2025-09-06","11","2028","629","4","0","628","5","99","16"
"2025-09-06","12","2027","594","11","0","590","5","98","29"
"2025-09-07","9","2030","645","4","0","643","7","99","9"
"2025-09-07","10","2029","638","8","0","636","6","99","27"
"2025-09-07","11","2028","614","8","0","614","3","98","29"
"2025-09-07","12","2027","598","11","1","598","0","99","26"
"2025-09-08","9","2030","658","8","1","658","2","98","22"
"2025-09-08","10","2029","644","7","0","641","0","98","24"
"2025-09-08","11","2028","632","9","1","628","2","99","18"
"2025-09-08","12","2027","608","5","1","608","1","99","14"
"2025-09-09","9","2030","668","8","1","668","3","98","29"
"2025-09-09","10","2029","626","7","1","622","3","99","31"
"2025-09-09","11","2028","638","10","0","636","7","98","31"
"2025-09-09","12","2027","595","10","1","592","1","99","20"
"2025-09-10","9","2030","658","9","1","654","3","98","21"
"2025-09-10","10","2029","638","5","1","638","3","99","27"
"2025-09-10","11","2028","614","7","1","611","1","98","21"
"2025-09-10","12","2027","617","4","0","616","3","98","18"
"2025-09-11","9","2030","664","3","0","660","2","98","14"
"2025-09-11","10","2029","632","4","1","631","5","98","10"
"2025-09-11","11","2028","618","11","0","617","3","99","32"
"2025-09-11","12","2027","612","8","0","612","2","98","15"
"2025-09-12","9","2030","662","7","1","662","6","99","31"
"2025-09-12","10","2029","650","5","1","647","0","99","12"
"2025-09-12","11","2028","632","7","0","628","6","99","27"
"2025-09-12","12","2027","597","10","1","594","4","98","21"
"2025-09-13","9","2030","659","9","1","658","6","98","29"
"2025-09-13","10","2029","632","10","1","630","6","99","20"
"2025-09-13","11","2028","614","11","1","614","7","99","33"
"2025-09-13","12","2027","598","4","0","597","5","98","10"
"2025-09-14","9","2030","657","7","1","653","6","98","24"
"2025-09-14","10","2029","628","6","1","624","4","99","30"
"2025-09-14","11","2028","630","5","0","629","5","98","19"
"2025-09-14","12","2027","596","5","1","593","6","99","22"
"2025-09-15","9","2030","652","5","1","652","7","98","26"
"2025-09-15","10","2029","630","10","1","628","5","99","31"
"2025-09-15","11","2028","617","4","1","615","1","99","16"
"2025-09-15","12","2027","607","11","1","604","4","98","35"
"2025-09-16","9","2030","665","3","0","665","0","98","12"
"2025-09-16","10","2029","646","8","0","646","1","99","16"
"2025-09-16","11","2028","611","4","1","608","1","98","26"
"2025-09-16","12","2027","606","7","1","604","1","99","27"
"2025-09-17","9","2030","654","9","1","653","5","98","32"
"2025-09-17","10","2029","640","11","0","636","7","98","31"
"2025-09-17","11","2028","621","4","0","618","5","98","22"
"2025-09-17","12","2027","612","5","0","611","7","99","10"
"2025-09-18","9","2030","652","6","0","650","4","99","18"
"2025-09-18","10","2029","628","3","0","627","2","99","9"
"2025-09-18","11","2028","611","3","1","610","3","98","13"
"2025-09-18","12","2027","602","4","0","602","0","98","12"
"2025-09-19","9","2030","666","5","1","663","1","99","21"
"2025-09-19","10","2029","626","10","0","622","2","99","17"
"2025-09-19","11","2028","623","7","1","620","5","98","13"
"2025-09-19","12","2027","623","6","0","621","3","98","16"
"2025-09-20","9","2030","655","7","0","655","3","98","27"
"2025-09-20","10","2029","626","5","1","625","6","98","22"
"2025-09-20","11","2028","636","8","1","635","3","98","14"
"2025-09-20","12","2027","605","3","0","604","7","98","11"
"2025-09-21","9","2030","642","10","0","640","4","98","28"
"2025-09-21","10","2029","654","5","0","654","1","98","13"
"2025-09-21","11","2028","614","4","0","614","7","98","19"
"2025-09-21","12","2027","616","8","1","614","1","99","24"
"2025-09-22","9","2030","651","4","0","649","4","98","26"
"2025-09-22","10","2029","628","11","0","624","0","99","33"
"2025-09-22","11","2028","631","6","1","629","4","98","16"
"2025-09-22","12","2027","615","8","0","612","0","98","28"
"2025-09-23","9","2030","657","10","1","655","2","98","25"
"2025-09-23","10","2029","634","7","0","631","0","99","26"
"2025-09-23","11","2028","616","4","0","614","1","98","9"
"2025-09-23","12","2027","597","9","1","593","2","98","21"
"2025-09-24","9","2030","669","10","0","667","1","98","16"
"2025-09-24","10","2029","638","6","1","637","7","99","26"
"2025-09-24","11","2028","618","4","0","617","4","99","25"
"2025-09-24","12","2027","602","7","0","600","5","98","18"
"2025-09-25","9","2030","660","8","1","660","2","98","16"
"2025-09-25","10","2029","630","6","0","627","1","99","23"
"2025-09-25","11","2028","627","8","1","626","7","98","15"
"2025-09-25","12","2027","617","10","0","615","1","99","31"
"2025-09-26","9","2030","658","8","0","655","2","98","22"
"2025-09-26","10","2029","632","9","1","629","1","98","30"
"2025-09-26","11","2028","610","11","0","608","6","98","19"
"2025-09-26","12","2027","595","10","0","592","1","99","29"
"2025-09-27","9","2030","661","11","1","660","5","99","25"
"2025-09-27","10","2029","630","3","1","628","4","99","13"
"2025-09-27","11","2028","637","10","1","637","1","98","25"
"2025-09-27","12","2027","604","11","0","600","2","98","30"
"2025-09-28","9","2030","646","8","1","642","6","99","21"
"2025-09-28","10","2029","650","5","1","647","6","98","20"
"2025-09-28","11","2028","614","7","0","610","5","99","25"
"2025-09-28","12","2027","599","9","0","599","1","98","21"
"2025-09-29","9","2030","647","7","0","645","4","99","17"
"2025-09-29","10","2029","650","10","0","648","1","98","32"
"2025-09-29","11","2028","613","4","0","611","6","98","16"
"2025-09-29","12","2027","599","3","0","599","7","98","19"
"2025-09-30","9","2030","657","5","1","654","6","99","18"
"2025-09-30","10","2029","648","9","1","644","0","98","31"
"2025-09-30","11","2028","629","10","0","627","1","98","20"
"2025-09-30","12","2027","594","3","1","592","3","99","21"
"2025-10-01","9","2030","616","2","0","615","6","98","7"
"2025-10-01","10","2029","611","0","0","611","2","99","12"
"2025-10-01","11","2028","583","0","0","579","1","98","12"
"2025-10-01","12","2027","585","2","0","582","5","99","26"
"2025-10-02","9","2030","629","2","0","628","5","98","12"
"2025-10-02","10","2029","615","0","1","615","7","99","10"
"2025-10-02","11","2028","602","0","1","602","5","98","22"
"2025-10-02","12","2027","594","1","0","592","1","99","23"
"2025-10-03","9","2030","630","0","1","630","0","99","17"
"2025-10-03","10","2029","609","0","1","606","3","98","7"
"2025-10-03","11","2028","605","0","1","604","3","98","25"
"2025-10-03","12","2027","583","2","0","581","1","99","16"
"2025-10-04","9","2030","637","2","1","637","6","98","25"
"2025-10-04","10","2029","612","0","1","608","0","98","23"
"2025-10-04","11","2028","583","2","0","579","0","99","10"
"2025-10-04","12","2027","573","2","1","572","0","99","11"
"2025-10-05","9","2030","637","2","1","633","2","99","16"
"2025-10-05","10","2029","615","1","0","611","0","99","15"
"2025-10-05","11","2028","581","1","0","579","3","99","17"
"2025-10-05","12","2027","585","0","0","585","1","99","5"
"2025-10-06","9","2030","637","1","0","635","5","98","16"
"2025-10-06","10","2029","621","0","0","617","1","98","10"
"2025-10-06","11","2028","608","2","1","605","0","99","19"
"2025-10-06","12","2027","581","0","0","579","5","98","9"
"2025-10-07","9","2030","613","1","1","612","7","99","23"
"2025-10-07","10","2029","615","2","1","615","3","99","20"
"2025-10-07","11","2028","592","2","1","588","6","99","27"
"2025-10-07","12","2027","584","0","1","580","7","98","10"
"2025-10-08","9","2030","636","2","0","636","1","98","24"
"2025-10-08","10","2029","622","0","0","619","7","98","24"
"2025-10-08","11","2028","606","0","1","606","2","99","6"
"2025-10-08","12","2027","584","0","0","581","4","99","24"
"2025-10-09","9","2030","616","1","0","615","0","99","13"
"2025-10-09","10","2029","618","1","0","615","3","98","19"
"2025-10-09","11","2028","602","1","0","602","6","98","12"
"2025-10-09","12","2027","592","1","1","591","4","99","18"
"2025-10-10","9","2030","621","2","0","617","5","99","23"
"2025-10-10","10","2029","616","0","1","614","1","98","22"
"2025-10-10","11","2028","606","1","1","604","1","99","7"
"2025-10-10","12","2027","569","1","0","566","1","99","15"
"2025-10-11","9","2030","627","0","0","625","1","98","14"
"2025-10-11","10","2029","617","0","0","617","7","99","18"
"2025-10-11","11","2028","603","1","1","602","7","98","21"
"2025-10-11","12","2027","593","0","0","590","4","99","8"
"2025-10-12","9","2030","619","2","0","615","1","98","22"
"2025-10-12","10","2029","609","0","1","606","3","98","16"
"2025-10-12","11","2028","606","1","0","602","3","98","18"
"2025-10-12","12","2027","593","1","0","589","3","98","22"
"2025-10-13","9","2030","635","2","1","633","5","98","17"
"2025-10-13","10","2029","614","1","0","614","4","98","8"
"2025-10-13","11","2028","604","2","0","600","6","99","16"
"2025-10-13","12","2027","571","0","0","567","5","99","24"
"2025-10-14","9","2030","612","2","0","608","1","98","23"
"2025-10-14","10","2029","611","0","1","608","4","98","17"
"2025-10-14","11","2028","602","2","0","600","2","99","20"
"2025-10-14","12","2027","590","2","0","587","4","99","14"
"2025-10-15","9","2030","617","2","0","616","4","99","22"
"2025-10-15","10","2029","605","0","0","601","3","99","23"
"2025-10-15","11","2028","587","0","0","585","2","98","15"
"2025-10-15","12","2027","594","2","1","594","5","98","19"
"2025-10-16","9","2030","630","2","0","628","1","98","8"
"2025-10-16","10","2029","615","0","1","611","5","98","9"
"2025-10-16","11","2028","584","0","0","584","6","98","22"
"2025-10-16","12","2027","567","0","1","563","6","98","10"
"2025-10-17","9","2030","619","1","0","618","4","98","23"
"2025-10-17","10","2029","603","1","0","600","4","99","16"
"2025-10-17","11","2028","590","1","1","588","7","99","26"
"2025-10-17","12","2027","570","2","0","566","5","98","8"
"2025-10-18","9","2030","639","0","0","637","2","99","18"
"2025-10-18","10","2029","616","2","1","614","3","99","18"
"2025-10-18","11","2028","582","1","0","579","4","99","25"
"2025-10-18","12","2027","580","2","0","577","7","99","14"
"2025-10-19","9","2030","619","1","1","618","3","99","20"
"2025-10-19","10","2029","606","1","1","603","3","98","21"
"2025-10-19","11","2028","606","2","0","603","4","99","22"
"2025-10-19","12","2027","567","0","0","566","2","99","9"
"2025-10-20","9","2030","633","2","0","630","5","99","19"
"2025-10-20","10","2029","620","0","1","618","6","98","10"
"2025-10-20","11","2028","595","1","1","592","3","99","25"
"2025-10-20","12","2027","568","2","1","568","2","99","20"
"2025-10-21","9","2030","618","2","1","616","5","99","15"
"2025-10-21","10","2029","619","1","1","617","0","99","8"
"2025-10-21","11","2028","590","0","1","590","5","98","24"
"2025-10-21","12","2027","575","2","1","571","7","98","17"
"2025-10-22","9","2030","628","2","1","628","6","98","15"
"2025-10-22","10","2029","620","0","1","616","5","98","24"
"2025-10-22","11","2028","605","0","0","603","4","98","22"
"2025-10-22","12","2027","581","2","0","579","4","98","15"
"2025-10-23","9","2030","622","0","0","621","6","98","10"
"2025-10-23","10","2029","600","1","0","596","6","98","13"
"2025-10-23","11","2028","608","2","1","606","4","98","22"
"2025-10-23","12","2027","576","2","1","572","4","99","10"
"2025-10-24","9","2030","625","1","0","621","3","98","20"
"2025-10-24","10","2029","603","2","1","602","7","98","19"
"2025-10-24","11","2028","585","1","0","581","7","98","10"
"2025-10-24","12","2027","591","2","1","589","2","98","23"
"2025-10-25","9","2030","632","2","0","628","3","99","16"
"2025-10-25","10","2029","613","1","0","611","4","99","23"
"2025-10-25","11","2028","608","1","0","605","1","99","7"
"2025-10-25","12","2027","590","2","0","588","7","98","17"
"2025-10-26","9","2030","631","2","1","631","4","99","8"
"2025-10-26","10","2029","622","0","0","621","5","98","24"
"2025-10-26","11","2028","598","1","1","595","0","98","10"
"2025-10-26","12","2027","592","2","0","589","0","98","11"
"2025-10-27","9","2030","612","1","0","611","5","99","9"
"2025-10-27","10","2029","620","2","0","617","1","98","13"
"2025-10-27","11","2028","604","2","1","601","2","99","11"
"2025-10-27","12","2027","589","1","0","585","0","98","22"
"2025-10-28","9","2030","630","2","0","627","7","99","20"
"2025-10-28","10","2029","623","0","0","623","6","99","18"
"2025-10-28","11","2028","588","1","0","586","7","98","23"
"2025-10-28","12","2027","586","1","0","583","6","98","16"
"2025-10-29","9","2030","634","1","1","630","7","98","9"
"2025-10-29","10","2029","597","1","1","595","7","99","11"
"2025-10-29","11","2028","589","1","1","586","6","98","18"
"2025-10-29","12","2027","569","1","1","568","2","99","26"
"2025-10-30","9","2030","635","1","0","632","6","98","16"
"2025-10-30","10","2029","614","0","1","612","7","99","19"
"2025-10-30","11","2028","598","1","1","594","4","99","23"
"2025-10-30","12","2027","574","2","0","570","5","99","14"
"2025-10-31","9","2030","624","1","0","621","0","98","13"
"2025-10-31","10","2029","600","0","1","600","1","98","22"
"2025-10-31","11","2028","587","2","0","584","1","98","15"
"2025-10-31","12","2027","568","0","0","566","0","98","15"
"2025-11-01","9","2030","621","1","0","619","5","98","24"
"2025-11-01","10","2029","605","2","1","604","4","98","23"
"2025-11-01","11","2028","583","0","0","581","3","98","6"
"2025-11-01","12","2027","590","2","1","590","1","99","19"
"2025-11-02","9","2030","627","1","0","623","7","99","9"
"2025-11-02","10","2029","612","0","1","609","2","99","15"
"2025-11-02","11","2028","606","2","0","603","6","98","21"
"2025-11-02","12","2027","584","0","1","580","1","98","17"
"2025-11-03","9","2030","620","0","1","618","3","99","20"
"2025-11-03","10","2029","618","0","1","617","1","98","23"
"2025-11-03","11","2028","588","2","1","585","6","98","27"
"2025-11-03","12","2027","583","1","1","580","1","99","22"
"2025-11-04","9","2030","614","0","0","611","6","99","15"
"2025-11-04","10","2029","608","2","1","608","1","99","15"
"2025-11-04","11","2028","593","0","1","591","6","99","21"
"2025-11-04","12","2027","592","0","1","590","5","98","6"
"2025-11-05","9","2030","638","0","0","636","4","98","6"
"2025-11-05","10","2029","623","0","0","620","1","98","13"
"2025-11-05","11","2028","582","2","0","578","5","99","8"
"2025-11-05","12","2027","576","1","1","575","2","98","14"
"2025-11-06","9","2030","618","2","1","618","4","98","8"
"2025-11-06","10","2029","609","1","0","608","2","99","16"
"2025-11-06","11","2028","583","1","1","583","1","99","12"
"2025-11-06","12","2027","589","1","1","588","2","99","13"
"2025-11-07","9","2030","624","2","1","621","0","99","26"
"2025-11-07","10","2029","618","1","0","618","1","98","25"
"2025-11-07","11","2028","586","1","0","583","0","98","25"
"2025-11-07","12","2027","591","0","1","591","0","98","18"
"2025-11-08","9","2030","623","1","1","619","7","98","17"
"2025-11-08","10","2029","609","1","0","605","3","98","10"
"2025-11-08","11","2028","580","0","1","578","0","99","11"
"2025-11-08","12","2027","580","0","0","577","7","98","14"
"2025-11-09","9","2030","624","1","1","622","1","99","26"
"2025-11-09","10","2029","622","1","0","618","7","99","15"
"2025-11-09","11","2028","609","1","0","607","1","98","9"
"2025-11-09","12","2027","577","1","0","573","2","99","13"
"2025-11-10","9","2030","636","2","1","635","0","99","18"
"2025-11-10","10","2029","609","0","0","605","7","99","15"
"2025-11-10","11","2028","598","1","0","594","7","99","18"
"2025-11-10","12","2027","570","2","1","569","4","98","14"
"2025-11-11","9","2030","630","1","0","630","2","98","16"
"2025-11-11","10","2029","617","0","1","613","6","98","20"
"2025-11-11","11","2028","600","1","0","598","5","98","12"
"2025-11-11","12","2027","573","1","0","573","1","98","14"
"2025-11-12","9","2030","617","2","1","614","6","98","10"
"2025-11-12","10","2029","610","0","0","608","7","98","8"
"2025-11-12","11","2028","594","2","1","591","4","99","16"
"2025-11-12","12","2027","569","0","1","566","3","98","9"
"2025-11-13","9","2030","635","2","1","635","7","99","25"
"2025-11-13","10","2029","611","1","0","608","7","99","8"
"2025-11-13","11","2028","592","2","1","590","4","99","16"
"2025-11-13","12","2027","584","2","0","582","4","98","16"
"2025-11-14","9","2030","621","1","1","621","7","98","18"
"2025-11-14","10","2029","599","0","0","596","5","98","10"
"2025-11-14","11","2028","606","0","1","606","2","98","25"
"2025-11-14","12","2027","565","0","1","562","2","99","12"
"2025-11-15","9","2030","610","0","0","610","0","98","22"
"2025-11-15","10","2029","613","1","0","610","5","98","6"
"2025-11-15","11","2028","606","2","1","606","2","99","25"
"2025-11-15","12","2027","582","0","1","578","7","98","16"
"2025-11-16","9","2030","622","0","1","622","7","99","13"
"2025-11-16","10","2029","602","2","1","598","4","98","19"
"2025-11-16","11","2028","603","1","0","599","3","99","25"
"2025-11-16","12","2027","570","1","0","569","3","98","11"
"2025-11-17","9","2030","618","2","0","617","3","98","23"
"2025-11-17","10","2029","596","2","1","595","7","98","16"
"2025-11-17","11","2028","607","1","0","604","3","98","15"
"2025-11-17","12","2027","566","0","0","563","0","98","16"
"2025-11-18","9","2030","631","2","1","631","6","98","18"
"2025-11-18","10","2029","619","1","1","618","4","99","17"
"2025-11-18","11","2028","605","0","1","602","1","99","11"
"2025-11-18","12","2027","578","0","0","576","0","99","13"
"2025-11-19","9","2030","626","0","1","626","3","99","17"
"2025-11-19","10","2029","619","2","0","615","7","98","9"
"2025-11-19","11","2028","589","2","1","587","7","99","27"
"2025-11-19","12","2027","565","2","0","562","4","99","14"
"2025-11-20","9","2030","618","0","0","617","6","99","14"
"2025-11-20","10","2029","614","2","1","611","1","99","20"
"2025-11-20","11","2028","590","0","1","588","5","99","14"
"2025-11-20","12","2027","579","2","1","577","1","98","20"
"2025-11-21","9","2030","613","0","0","612","7","98","15"
"2025-11-21","10","2029","616","0","1","613","6","98","6"
"2025-11-21","11","2028","588","0","1","586","1","98","23"
"2025-11-21","12","2027","571","2","0","569","7","99","14"
"2025-11-22","9","2030","636","1","0","633","3","99","13"
"2025-11-22","10","2029","617","1","1","617","1","99","24"
"2025-11-22","11","2028","606","2","1","604","7","99","13"
"2025-11-22","12","2027","583","0","1","581","5","98","9"
"2025-11-23","9","2030","635","2","1","634","2","98","13"
"2025-11-23","10","2029","603","0","1","601","1","98","10"
"2025-11-23","11","2028","591","2","0","589","4","99","11"
"2025-11-23","12","2027","584","2","1","584","4","99","23"
"2025-11-24","9","2030","632","0","0","632","5","99","9"
"2025-11-24","10","2029","600","0","1","597","3","99","17"
"2025-11-24","11","2028","588","1","0","588","3","99","18"
"2025-11-24","12","2027","573","0","0","573","6","98","11"
"2025-11-25","9","2030","618","1","1","614","0","98","14"
"2025-11-25","10","2029","599","2","0","595","0","99","8"
"2025-11-25","11","2028","591","0","0","588","0","99","10"
"2025-11-25","12","2027","574","0","0","574","7","98","20"
"2025-11-26","9","2030","610","2","0","609","2","98","7"
"2025-11-26","10","2029","601","0","0","597","4","99","9"
"2025-11-26","11","2028","582","0","1","579","5","99","18"
"2025-11-26","12","2027","586","2","1","582","3","99","24"
"2025-11-27","9","2030","617","2","1","614","0","99","24"
"2025-11-27","10","2029","610","2","1","609","4","99","19"
"2025-11-27","11","2028","601","2","1","601","1","98","26"
"2025-11-27","12","2027","589","0","0","589","0","99","21"
"2025-11-28","9","2030","636","0","0","636","0","98","10"
"2025-11-28","10","2029","615","0","1","611","0","99","18"
"2025-11-28","11","2028","596","0","0","596","6","99","21"
"2025-11-28","12","2027","582","2","0","578","6","98","25"
"2025-11-29","9","2030","617","0","1","616","3","99","18"
"2025-11-29","10","2029","598","0","0","596","2","99","10"
"2025-11-29","11","2028","589","0","0","586","1","98","19"
"2025-11-29","12","2027","593","0","0","589","1","98","7"
"2025-11-30","9","2030","618","2","0","614","1","98","20"
"2025-11-30","10","2029","598","0","0","597","0","99","10"
"2025-11-30","11","2028","597","2","1","597","0","98","18"
"2025-11-30","12","2027","578","1","0","575","3","98","15"
"2025-12-01","9","2030","639","0","3","639","6","98","26"
"2025-12-01","10","2029","601","0","3","598","1","98","21"
"2025-12-01","11","2028","605","0","2","601","0","99","8"
"2025-12-01","12","2027","577","1","3","574","7","99","15"
"2025-12-02","9","2030","639","1","1","636","4","99","16"
"2025-12-02","10","2029","595","0","2","592","3","99","22"
"2025-12-02","11","2028","593","2","3","589","6","98","26"
"2025-12-02","12","2027","578","1","2","576","7","98","16"
"2025-12-03","9","2030","613","2","3","611","0","99","25"
"2025-12-03","10","2029","610","2","2","610","2","98","26"
"2025-12-03","11","2028","591","1","2","587","4","98","10"
"2025-12-03","12","2027","573","0","1","569","4","98","15"
"2025-12-04","9","2030","615","1","1","611","6","98","22"
"2025-12-04","10","2029","602","2","3","602","3","98","17"
"2025-12-04","11","2028","600","1","2","598","5","98","26"
"2025-12-04","12","2027","579","2","3","579","0","98","21"
"2025-12-05","9","2030","626","0","2","625","5","99","17"
"2025-12-05","10","2029","611","0","2","608","5","99","20"
"2025-12-05","11","2028","582","0","1","582","3","99","10"
"2025-12-05","12","2027","574","2","3","570","7","99","19"
"2025-12-06","9","2030","612","0","2","609","6","98","9"
"2025-12-06","10","2029","603","1","1","600","0","98","11"
"2025-12-06","11","2028","597","0","1","594","5","98","25"
"2025-12-06","12","2027","565","1","3","563","6","98","26"
"2025-12-07","9","2030","613","0","2","613","7","98","25"
"2025-12-07","10","2029","615","0","2","613","4","98","22"
"2025-12-07","11","2028","595","0","2","591","1","99","23"
"2025-12-07","12","2027","588","1","2","584","5","99","15"
"2025-12-08","9","2030","633","0","1","630","3","99","23"
"2025-12-08","10","2029","613","0","3","612","6","99","15"
"2025-12-08","11","2028","605","2","2","605","4","99","22"
"2025-12-08","12","2027","579","0","1","577","2","98","23"
"2025-12-09","9","2030","633","0","3","629","0","99","18"
"2025-12-09","10","2029","611","0","2","611","5","99","8"
"2025-12-09","11","2028","595","0","3","595","6","99","13"
"2025-12-09","12","2027","587","1","1","584","5","99","20"
"2025-12-10","9","2030","611","0","3","611","3","99","11"
"2025-12-10","10","2029","596","2","2","595","4","98","10"
"2025-12-10","11","2028","586","0","3","586","1","98","9"
"2025-12-10","12","2027","568","2","2","568","4","99","12"
"2025-12-11","9","2030","639","0","2","636","7","98","24"
"2025-12-11","10","2029","606","1","2","606","4","99","17"
"2025-12-11","11","2028","583","0","2","580","0","98","14"
"2025-12-11","12","2027","580","2","2","576","5","98","26"
"2025-12-12","9","2030","635","1","2","635","7","99","16"
"2025-12-12","10","2029","604","2","1","602","0","99","11"
"2025-12-12","11","2028","600","2","2","597","4","98","15"
"2025-12-12","12","2027","580","0","1","580","3","99","25"
"2025-12-13","9","2030","630","0","1","626","0","98","12"
"2025-12-13","10","2029","604","1","1","602","0","99","17"
"2025-12-13","11","2028","583","2","1","579","4","99","14"
"2025-12-13","12","2027","576","0","1","572","1","99","11"
"2025-12-14","9","2030","638","0","3","636","6","99","16"
"2025-12-14","10","2029","603","1","3","601","0","99","28"
"2025-12-14","11","2028","591","0","3","590","5","99","9"
"2025-12-14","12","2027","567","0","3","567","6","99","14"
"2025-12-15","9","2030","624","2","1","620","4","99","9"
"2025-12-15","10","2029","596","1","2","595","0","98","14"
"2025-12-15","11","2028","593","0","1","590","4","99","10"
"2025-12-15","12","2027","570","1","2","568","7","98","22"
"2025-12-16","9","2030","622","2","2","620","4","98","19"
"2025-12-16","10","2029","609","1","1","605","6","99","11"
"2025-12-16","11","2028","586","1","1","582","4","98","12"
"2025-12-16","12","2027","567","1","2","567","1","99","12"
"2025-12-17","9","2030","634","0","2","632","6","98","26"
"2025-12-17","10","2029","615","1","1","612","0","99","7"
"2025-12-17","11","2028","597","2","1","596","3","99","23"
"2025-12-17","12","2027","590","1","2","590","1","99","27"
"2025-12-18","9","2030","632","2","3","631","7","99","16"
"2025-12-18","10","2029","599","1","1","595","3","98","25"
"2025-12-18","11","2028","601","0","2","601","4","99","22"
"2025-12-18","12","2027","569","1","2","568","4","98","8"
"2025-12-19","9","2030","611","2","2","607","3","99","21"
"2025-12-19","10","2029","621","0","3","620","7","98","23"
"2025-12-19","11","2028","597","1","3","596","5","98","18"
"2025-12-19","12","2027","586","1","2","583","1","99","12"
"2025-12-20","9","2030","626","2","3","623","2","99","13"
"2025-12-20","10","2029","598","0","3","597","7","98","20"
"2025-12-20","11","2028","595","2","1","593","6","98","11"
"2025-12-20","12","2027","587","1","2","585","4","99","22"
"2025-12-21","9","2030","624","1","1","620","2","98","22"
"2025-12-21","10","2029","598","2","2","594","0","98","14"
"2025-12-21","11","2028","594","1","2","591","4","99","17"
"2025-12-21","12","2027","570","2","1","567","0","98","8"
"2025-12-22","9","2030","618","1","2","614","5","99","16"
"2025-12-22","10","2029","602","0","1","602","6","99","12"
"2025-12-22","11","2028","603","0","2","599","4","98","13"
"2025-12-22","12","2027","585","0","2","584","2","99","23"
"2025-12-23","9","2030","620","0","3","620","4","98","12"
"2025-12-23","10","2029","609","2","1","605","3","99","18"
"2025-12-23","11","2028","588","0","2","586","7","98","7"
"2025-12-23","12","2027","575","0","3","572","6","99","8"
"2025-12-24","9","2030","632","0","3","630","4","98","8"
"2025-12-24","10","2029","622","2","2","618","0","98","13"
"2025-12-24","11","2028","594","1","3","594","5","99","28"
"2025-12-24","12","2027","574","0","1","574","7","98","8"
"2025-12-25","9","2030","638","2","2","638","3","98","27"
"2025-12-25","10","2029","612","1","2","608","4","98","14"
"2025-12-25","11","2028","598","1","3","598","7","98","22"
"2025-12-25","12","2027","594","0","2","593","6","98","23"
"2025-12-26","9","2030","626","0","3","623","4","99","24"
"2025-12-26","10","2029","601","2","1","597","2","98","9"
"2025-12-26","11","2028","600","1","2","598","4","99","10"
"2025-12-26","12","2027","566","1","2","564","7","99","9"
"2025-12-27","9","2030","638","2","2","635","4","99","13"
"2025-12-27","10","2029","600","2","3","598","4","98","25"
"2025-12-27","11","2028","608","2","2","606","5","98","23"
"2025-12-27","12","2027","570","1","1","566","6","99","20"
"2025-12-28","9","2030","629","2","2","627","0","98","10"
"2025-12-28","10","2029","622","2","3","620","3","99","19"
"2025-12-28","11","2028","601","0","2","597","4","98","18"
"2025-12-28","12","2027","578","0","2","574","7","98","13"
"2025-12-29","9","2030","612","2","3","611","5","98","16"
"2025-12-29","10","2029","606","1","2","604","7","99","26"
"2025-12-29","11","2028","585","1","2","584","0","98","13"
"2025-12-29","12","2027","594","2","1","594","1","99","24"
"2025-12-30","9","2030","618","1","2","616","3","98","22"
"2025-12-30","10","2029","610","1","2","607","3","99","19"
"2025-12-30","11","2028","608","1","2","606","7","99","10"
"2025-12-30","12","2027","588","1","3","585","0","99","24"
"2025-12-31","9","2030","626","1","3","622","5","99","16"
"2025-12-31","10","2029","615","2","2","612","1","98","26"
"2025-12-31","11","2028","601","0","1","597","0","99","21"
"2025-12-31","12","2027","594","0","1","593","7","98","14"
"2026-01-01","9","2030","630","3","3","630","5","98","16"
"2026-01-01","10","2029","599","2","1","599","7","98","22"
"2026-01-01","11","2028","594","3","3","593","2","99","12"
"2026-01-01","12","2027","582","1","3","579","3","98","13"
"2026-01-02","9","2030","624","1","1","624","7","99","13"
"2026-01-02","10","2029","609","3","3","608","5","99","26"
"2026-01-02","11","2028","603","1","3","603","6","99","19"
"2026-01-02","12","2027","587","3","1","583","7","98","24"
"2026-01-03","9","2030","624","1","2","622","1","99","9"
"2026-01-03","10","2029","624","4","3","621","6","99","30"
"2026-01-03","11","2028","599","3","3","599","3","99","24"
"2026-01-03","12","2027","571","1","1","570","1","98","17"
"2026-01-04","9","2030","636","3","3","636","4","99","25"
"2026-01-04","10","2029","596","1","2","596","5","98","24"
"2026-01-04","11","2028","580","4","3","576","6","98","24"
"2026-01-04","12","2027","583","1","3","579","3","99","10"
"2026-01-05","9","2030","615","3","1","615","5","99","19"
"2026-01-05","10","2029","624","3","3","620","2","98","28"
"2026-01-05","11","2028","609","3","1","609","0","99","22"
"2026-01-05","12","2027","583","1","1","582","3","98","22"
"2026-01-06","9","2030","629","4","3","629","6","99","20"
"2026-01-06","10","2029","621","3","3","619","0","99","12"
"2026-01-06","11","2028","604","2","2","604","7","98","22"
"2026-01-06","12","2027","578","2","2","577","2","99","15"
"2026-01-07","9","2030","624","2","1","621","6","98","12"
"2026-01-07","10","2029","624","2","3","622","5","99","16"
"2026-01-07","11","2028","590","1","1","589","1","99","23"
"2026-01-07","12","2027","566","1","2","564","1","98","24"
"2026-01-08","9","2030","625","4","3","623","4","98","21"
"2026-01-08","10","2029","608","4","3","604","3","99","20"
"2026-01-08","11","2028","596","1","2","594","4","98","14"
"2026-01-08","12","2027","577","4","3","576","3","99","27"
"2026-01-09","9","2030","628","2","1","628","4","99","13"
"2026-01-09","10","2029","600","2","1","597","6","99","21"
"2026-01-09","11","2028","591","4","1","587","2","98","18"
"2026-01-09","12","2027","588","2","1","584","5","99","11"
"2026-01-10","9","2030","610","4","2","610","4","99","24"
"2026-01-10","10","2029","608","2","2","607","7","99","11"
"2026-01-10","11","2028","590","4","1","590","4","99","24"
"2026-01-10","12","2027","590","3","2","589","0","98","23"
"2026-01-11","9","2030","611","4","1","609","0","98","10"
"2026-01-11","10","2029","610","2","2","606","1","98","11"
"2026-01-11","11","2028","604","4","1","601","3","98","13"
"2026-01-11","12","2027","579","4","2","578","1","99","30"
"2026-01-12","9","2030","627","1","3","626","0","99","27"
"2026-01-12","10","2029","615","4","3","611","4","99","29"
"2026-01-12","11","2028","602","2","1","601","7","98","19"
"2026-01-12","12","2027","586","4","1","585","1","99","29"
"2026-01-13","9","2030","620","1","3","619","7","99","23"
"2026-01-13","10","2029","610","2","2","609","6","98","14"
"2026-01-13","11","2028","585","3","1","582","2","98","14"
"2026-01-13","12","2027","577","3","2","573","0","99","26"
"2026-01-14","9","2030","624","3","3","621","2","98","29"
"2026-01-14","10","2029","609","3","1","608","6","99","19"
"2026-01-14","11","2028","585","2","2","583","5","99","27"
"2026-01-14","12","2027","576","1","3","576","0","99","14"
"2026-01-15","9","2030","626","2","1","625","6","99","15"
"2026-01-15","10","2029","597","1","1","594","1","99","23"
"2026-01-15","11","2028","602","4","1","602","1","99","17"
"2026-01-15","12","2027","586","4","1","583","7","98","11"
"2026-01-16","9","2030","638","1","1","638","2","99","11"
"2026-01-16","10","2029","621","1","3","617","7","99","16"
"2026-01-16","11","2028","592","2","2","588","2","99","13"
"2026-01-16","12","2027","566","3","3","566","4","99","24"
"2026-01-17","9","2030","638","2","3","636","6","99","28"
"2026-01-17","10","2029","596","2","3","594","3","99","21"
"2026-01-17","11","2028","599","3","3","595","1","99","12"
"2026-01-17","12","2027","583","2","2","582","0","99","20"
"2026-01-18","9","2030","613","1","3","609","0","98","10"
"2026-01-18","10","2029","620","1","2","620","1","98","12"
"2026-01-18","11","2028","595","3","1","593","7","98","16"
"2026-01-18","12","2027","570","2","2","566","7","98","15"
"2026-01-19","9","2030","615","2","2","611","6","98","17"
"2026-01-19","10","2029","612","3","1","611","1","99","25"
"2026-01-19","11","2028","589","2","1","587","5","98","14"
"2026-01-19","12","2027","571","3","3","569","2","98","17"
"2026-01-20","9","2030","633","3","1","633","0","99","25"
"2026-01-20","10","2029","614","1","3","614","5","99","9"
"2026-01-20","11","2028","583","1","3","581","0","99","11"
"2026-01-20","12","2027","580","1","2","576","5","99","12"
"2026-01-21","9","2030","628","3","2","626","7","99","15"
"2026-01-21","10","2029","622","2","2","619","2","98","12"
"2026-01-21","11","2028","587","2","3","586","5","99","23"
"2026-01-21","12","2027","590","2","2","590","3","99","17"
"2026-01-22","9","2030","610","1","2","610","5","99","26"
"2026-01-22","10","2029","596","4","2","592","7","99","12"
"2026-01-22","11","2028","589","3","1","588","5","99","13"
"2026-01-22","12","2027","565","1","3","564","6","98","16"
"2026-01-23","9","2030","633","1","2","629","3","98","8"
"2026-01-23","10","2029","614","3","2","610","1","99","25"
"2026-01-23","11","2028","605","1","1","605","6","99","19"
"2026-01-23","12","2027","576","3","1","576","4","99","26"
"2026-01-24","9","2030","618","1","3","614","1","99","23"
"2026-01-24","10","2029","616","1","1","612","6","99","16"
"2026-01-24","11","2028","591","2","1","587","0","98","24"
"2026-01-24","12","2027","591","2","3","589","4","98","14"
"2026-01-25","9","2030","624","1","1","624","2","99","24"
"2026-01-25","10","2029","600","1","2","599","3","99","11"
"2026-01-25","11","2028","606","4","3","605","3","98","30"
"2026-01-25","12","2027","582","4","2","578","6","99","15"
"2026-01-26","9","2030","613","4","1","609","2","99","19"
"2026-01-26","10","2029","602","2","2","600","2","99","22"
"2026-01-26","11","2028","605","1","2","602","0","98","10"
"2026-01-26","12","2027","589","2","1","586","4","99","24"
"2026-01-27","9","2030","631","1","1","629","0","98","23"
"2026-01-27","10","2029","617","1","1","617","6","99","20"
"2026-01-27","11","2028","609","4","3","608","5","99","14"
"2026-01-27","12","2027","589","2","2","587","0","99","12"
"2026-01-28","9","2030","612","1","3","611","6","99","25"
"2026-01-28","10","2029","612","1","2","612","1","98","23"
"2026-01-28","11","2028","589","3","2","587","6","99","24"
"2026-01-28","12","2027","583","4","3","579","5","99","25"
"2026-01-29","9","2030","636","3","3","633","2","99","20"
"2026-01-29","10","2029","613","1","1","613","3","99","23"
"2026-01-29","11","2028","606","4","3","605","4","99","19"
"2026-01-29","12","2027","569","2","2","568","7","99","25"
"2026-01-30","9","2030","618","2","2","615","7","98","15"
"2026-01-30","10","2029","612","2","3","611","1","98","25"
"2026-01-30","11","2028","584","3","1","583","0","98","19"
"2026-01-30","12","2027","585","3","2","583","5","98","13"
"2026-01-31","9","2030","639","4","2","637","5","98","11"
"2026-01-31","10","2029","623","1","3","619","3","98","18"
"2026-01-31","11","2028","602","1","2","602","7","98","16"
"2026-01-31","12","2027","579","2","2","579","3","98","25"
"2026-02-01","9","2030","626","2","0","623","4","98","10"
"2026-02-01","10","2029","595","2","1","592","0","99","12"
"2026-02-01","11","2028","590","2","1","587","1","98","14"
"2026-02-01","12","2027","568","2","1","568","5","99","20"
"2026-02-02","9","2030","634","0","1","633","3","98","13"
"2026-02-02","10","2029","621","1","1","618","5","98","23"
"2026-02-02","11","2028","609","2","0","607","7","98","16"
"2026-02-02","12","2027","586","0","0","584","7","99","16"
"2026-02-03","9","2030","627","0","1","624","2","99","13"
"2026-02-03","10","2029","611","1","1","609","7","98","24"
"2026-02-03","11","2028","607","2","0","607","3","99","19"
"2026-02-03","12","2027","568","0","1","567","5","99","12"
"2026-02-04","9","2030","637","0","0","633","4","98","12"
"2026-02-04","10","2029","619","2","1","615","6","98","11"
"2026-02-04","11","2028","592","2","1","588","0","99","13"
"2026-02-04","12","2027","569","1","0","567","2","98","11"
"2026-02-05","9","2030","623","0","0","621","7","98","24"
"2026-02-05","10","2029","624","0","1","621","5","98","22"
"2026-02-05","11","2028","603","1","1","600","3","98","9"
"2026-02-05","12","2027","571","1","0","571","4","99","12"
"2026-02-06","9","2030","630","2","0","626","7","99","18"
"2026-02-06","10","2029","614","2","1","613","2","99","11"
"2026-02-06","11","2028","587","0","1","586","7","99","7"
"2026-02-06","12","2027","577","1","0","574","2","98","20"
"2026-02-07","9","2030","624","1","1","623","6","98","22"
"2026-02-07","10","2029","621","2","1","617","0","99","20"
"2026-02-07","11","2028","597","2","0","593","5","99","10"
"2026-02-07","12","2027","585","2","0","582","3","99","11"
"2026-02-08","9","2030","612","1","1","608","7","99","13"
"2026-02-08","10","2029","620","0","0","619","0","98","22"
"2026-02-08","11","2028","601","2","1","598","5","99","16"
"2026-02-08","12","2027","591","1","0","591","3","98","10"
"2026-02-09","9","2030","627","1","1","625","3","99","18"
"2026-02-09","10","2029","621","2","0","618","1","98","25"
"2026-02-09","11","2028","584","1","1","583","6","99","14"
"2026-02-09","12","2027","592","1","0","591","4","98","6"
"2026-02-10","9","2030","612","2","0","611","3","99","8"
"2026-02-10","10","2029","607","0","1","607","7","99","11"
"2026-02-10","11","2028","590","1","0","588","1","98","19"
"2026-02-10","12","2027","593","1","1","590","7","99","13"
"2026-02-11","9","2030","632","2","0","630","2","98","23"
"2026-02-11","10","2029","613","0","0","612","0","99","13"
"2026-02-11","11","2028","604","1","1","600","6","98","7"
"2026-02-11","12","2027","576","0","0","575","2","98","24"
"2026-02-12","9","2030","629","1","1","626","5","98","15"
"2026-02-12","10","2029","616","0","1","616","5","98","16"
"2026-02-12","11","2028","582","1","0","581","1","98","19"
"2026-02-12","12","2027","589","2","0","585","1","99","18"
"2026-02-13","9","2030","624","2","1","622","3","98","23"
"2026-02-13","10","2029","619","0","0","619","3","99","18"
"2026-02-13","11","2028","602","1","1","598","2","98","14"
"2026-02-13","12","2027","569","2","0","568","2","99","12"
"2026-02-14","9","2030","615","1","1","614","5","99","14"
"2026-02-14","10","2029","612","0","0","610","4","98","16"
"2026-02-14","11","2028","606","2","0","606","7","98","26"
"2026-02-14","12","2027","577","1","1","573","4","98","8"
