"DeviceID","DeviceType","Model","Location","HealthStatus","UptimeDays","FirmwareVersion","LastSeen","CPUUtilization","MemoryUtilization","PortUtilization"
"NET-0001","Core Switch","Cisco Catalyst 9500","Main Campus","Healthy","250","17.6.1","2026-02-15 07:06:50","21","36","58"
"NET-0002","Core Switch","Cisco Catalyst 9500","East Campus","Healthy","206","17.8.3","2026-02-15 15:06:50","32","48","80"
"NET-0003","Core Switch","Cisco Catalyst 9500","North Campus","Healthy","26","17.6.3","2026-02-15 11:06:50","44","46","65"
"NET-0004","Core Switch","Cisco Catalyst 9500","Main Campus","Healthy","116","17.8.4","2026-02-14 23:06:50","61","41","72"
"NET-0005","Distribution Switch","Cisco Catalyst 9300","South Campus","Healthy","190","17.7.3","2026-02-15 04:06:50","55","21","88"
"NET-0006","Distribution Switch","Cisco Catalyst 9300","Main Campus","Healthy","336","17.8.3","2026-02-15 03:06:50","19","51","58"
"NET-0007","Distribution Switch","Cisco Catalyst 9300","East Campus","Healthy","119","17.7.1","2026-02-15 12:06:50","73","24","47"
"NET-0008","Distribution Switch","Cisco Catalyst 9300","North Campus","Healthy","276","17.6.3","2026-02-15 10:06:50","44","57","70"
"NET-0009","Distribution Switch","Cisco Catalyst 9300","South Campus","Healthy","97","17.7.1","2026-02-15 09:06:50","55","62","68"
"NET-0010","Distribution Switch","Cisco Catalyst 9300","North Campus","Healthy","56","17.6.1","2026-02-14 23:06:50","28","51","69"
"NET-0011","Distribution Switch","Cisco Catalyst 9300","Main Campus","Healthy","102","17.6.3","2026-02-15 03:06:50","48","52","85"
"NET-0012","Distribution Switch","Cisco Catalyst 9300","Main Campus","Healthy","122","17.8.3","2026-02-15 18:06:50","25","37","83"
"NET-0013","Distribution Switch","Cisco Catalyst 9300","North Campus","Healthy","298","17.7.2","2026-02-15 03:06:50","22","61","40"
"NET-0014","Distribution Switch","Cisco Catalyst 9300","North Campus","Healthy","127","17.7.2","2026-02-15 15:06:50","43","34","45"
"NET-0015","Distribution Switch","Cisco Catalyst 9300","North Campus","Healthy","17","17.6.3","2026-02-15 05:06:50","57","62","83"
"NET-0016","Distribution Switch","Cisco Catalyst 9300","Main Campus","Healthy","234","17.6.3","2026-02-15 07:06:50","67","53","81"
"NET-0017","Access Switch","Cisco Catalyst 9200","Main Campus","Healthy","289","17.6.3","2026-02-15 02:06:50","55","49","64"
"NET-0018","Access Switch","Cisco Catalyst 9200","Main Campus","Healthy","147","17.7.2","2026-02-15 22:06:50","46","30","46"
"NET-0019","Access Switch","Cisco Catalyst 9200","South Campus","Healthy","129","17.8.3","2026-02-15 07:06:50","36","52","42"
"NET-0020","Access Switch","Cisco Catalyst 9200","Main Campus","Healthy","160","17.8.3","2026-02-15 12:06:50","64","45","71"
"NET-0021","Access Switch","Cisco Catalyst 9200","North Campus","Healthy","209","17.8.2","2026-02-15 20:06:50","26","66","66"
"NET-0022","Access Switch","Cisco Catalyst 9200","East Campus","Healthy","215","17.7.2","2026-02-15 12:06:50","30","51","84"
"NET-0023","Access Switch","Cisco Catalyst 9200","East Campus","Healthy","61","17.7.3","2026-02-15 03:06:50","69","38","86"
"NET-0024","Access Switch","Cisco Catalyst 9200","East Campus","Healthy","121","17.8.1","2026-02-15 17:06:50","34","54","49"
"NET-0025","Access Switch","Cisco Catalyst 9200","Main Campus","Warning","26","17.6.1","2026-02-15 14:06:50","68","44","53"
"NET-0026","Access Switch","Cisco Catalyst 9200","Main Campus","Healthy","125","17.8.2","2026-02-15 14:06:50","33","36","74"
"NET-0027","Access Switch","Cisco Catalyst 9200","Main Campus","Healthy","3","17.8.4","2026-02-15 18:06:50","52","60","63"
"NET-0028","Access Switch","Cisco Catalyst 9200","North Campus","Healthy","99","17.8.2","2026-02-15 17:06:50","51","44","84"
"NET-0029","Access Switch","Cisco Catalyst 9200","Main Campus","Healthy","202","17.7.4","2026-02-15 09:06:50","31","71","43"
"NET-0030","Access Switch","Cisco Catalyst 9200","North Campus","Healthy","323","17.7.1","2026-02-15 14:06:50","27","64","71"
"NET-0031","Access Switch","Cisco Catalyst 9200","North Campus","Healthy","78","17.6.4","2026-02-15 14:06:50","15","65","86"
"NET-0032","Access Switch","Cisco Catalyst 9200","East Campus","Healthy","362","17.7.2","2026-02-15 20:06:50","14","74","55"
"NET-0033","Access Switch","Cisco Catalyst 9200","Main Campus","Healthy","312","17.8.1","2026-02-15 09:06:50","19","69","42"
"NET-0034","Access Switch","Cisco Catalyst 9200","Main Campus","Healthy","309","17.8.3","2026-02-15 22:06:50","48","58","84"
"NET-0035","Access Switch","Cisco Catalyst 9200","East Campus","Healthy","220","17.6.1","2026-02-15 02:06:50","51","78","71"
"NET-0036","Access Switch","Cisco Catalyst 9200","North Campus","Healthy","110","17.6.4","2026-02-15 14:06:50","59","54","77"
"NET-0037","Access Switch","Cisco Catalyst 9200","Main Campus","Healthy","337","17.6.1","2026-02-15 08:06:50","60","41","52"
"NET-0038","Access Switch","Cisco Catalyst 9200","South Campus","Healthy","302","17.7.3","2026-02-15 04:06:50","32","22","43"
"NET-0039","Access Switch","Cisco Catalyst 9200","Main Campus","Healthy","207","17.6.3","2026-02-15 15:06:50","74","48","42"
"NET-0040","Access Switch","Cisco Catalyst 9200","North Campus","Healthy","335","17.7.1","2026-02-15 16:06:50","16","61","44"
"NET-0041","Access Switch","Cisco Catalyst 9200","South Campus","Healthy","293","17.7.3","2026-02-15 19:06:50","49","50","82"
"NET-0042","Access Switch","Cisco Catalyst 9200","Main Campus","Healthy","269","17.8.2","2026-02-15 13:06:50","35","52","51"
"NET-0043","Access Switch","Cisco Catalyst 9200","East Campus","Healthy","85","17.6.2","2026-02-15 12:06:50","17","75","58"
"NET-0044","Access Switch","Cisco Catalyst 9200","North Campus","Healthy","154","17.7.4","2026-02-15 13:06:50","15","78","75"
"NET-0045","Access Switch","Cisco Catalyst 9200","South Campus","Healthy","72","17.7.1","2026-02-15 05:06:50","44","25","65"
"NET-0046","Access Switch","Cisco Catalyst 9200","East Campus","Healthy","83","17.8.3","2026-02-15 13:06:50","38","77","68"
"NET-0047","Access Switch","Cisco Catalyst 9200","North Campus","Healthy","141","17.8.4","2026-02-15 22:06:50","67","79","50"
"NET-0048","Access Switch","Cisco Catalyst 9200","North Campus","Warning","30","17.8.2","2026-02-15 01:06:50","35","70","59"
"NET-0049","Access Switch","Cisco Catalyst 9200","East Campus","Healthy","253","17.7.2","2026-02-15 08:06:50","15","21","62"
"NET-0050","Access Switch","Cisco Catalyst 9200","East Campus","Healthy","203","17.7.2","2026-02-14 23:06:50","15","38","44"
"NET-0051","Access Switch","Cisco Catalyst 9200","North Campus","Healthy","316","17.8.2","2026-02-15 05:06:50","14","66","41"
"NET-0052","Access Switch","Cisco Catalyst 9200","East Campus","Warning","345","17.6.1","2026-02-15 18:06:50","21","78","77"
"NET-0053","Access Switch","Cisco Catalyst 9200","North Campus","Healthy","342","17.6.3","2026-02-15 12:06:50","11","44","64"
"NET-0054","Access Switch","Cisco Catalyst 9200","Main Campus","Healthy","70","17.8.3","2026-02-15 00:06:50","11","55","68"
"NET-0055","Access Switch","Cisco Catalyst 9200","East Campus","Healthy","341","17.8.3","2026-02-15 00:06:50","11","61","46"
"NET-0056","Access Switch","Cisco Catalyst 9200","East Campus","Healthy","195","17.6.2","2026-02-15 03:06:50","32","45","73"
"NET-0057","Access Switch","Cisco Catalyst 9200","East Campus","Healthy","167","17.7.2","2026-02-15 19:06:50","15","22","48"
"NET-0058","Access Switch","Cisco Catalyst 9200","Main Campus","Healthy","245","17.6.4","2026-02-15 03:06:50","34","31","58"
"NET-0059","Access Switch","Cisco Catalyst 9200","North Campus","Healthy","196","17.6.3","2026-02-15 14:06:50","67","43","54"
"NET-0060","Access Switch","Cisco Catalyst 9200","North Campus","Healthy","339","17.6.3","2026-02-15 02:06:50","22","71","65"
"NET-0061","Access Switch","Cisco Catalyst 9200","East Campus","Healthy","116","17.6.4","2026-02-15 15:06:50","59","33","75"
"NET-0062","Access Switch","Cisco Catalyst 9200","North Campus","Healthy","2","17.6.2","2026-02-15 18:06:50","59","43","87"
"NET-0063","Access Switch","Cisco Catalyst 9200","Main Campus","Healthy","244","17.7.4","2026-02-15 02:06:50","11","27","77"
"NET-0064","Access Switch","Cisco Catalyst 9200","South Campus","Warning","103","17.7.1","2026-02-15 13:06:50","65","23","76"
"NET-0065","Access Switch","Cisco Catalyst 9200","East Campus","Healthy","115","17.8.3","2026-02-15 19:06:50","46","51","77"
"NET-0066","Access Switch","Cisco Catalyst 9200","South Campus","Healthy","141","17.7.2","2026-02-15 15:06:50","65","43","69"
"NET-0067","Access Switch","Cisco Catalyst 9200","South Campus","Healthy","258","17.6.3","2026-02-15 13:06:50","61","35","79"
"NET-0068","Access Switch","Cisco Catalyst 9200","Main Campus","Healthy","295","17.6.1","2026-02-14 23:06:50","16","44","65"
"NET-0069","Access Switch","Cisco Catalyst 9200","East Campus","Healthy","138","17.6.4","2026-02-15 09:06:50","35","69","52"
"NET-0070","Access Switch","Cisco Catalyst 9200","South Campus","Healthy","263","17.7.1","2026-02-15 21:06:50","60","58","67"
"NET-0071","Access Switch","Cisco Catalyst 9200","South Campus","Healthy","199","17.6.3","2026-02-15 12:06:50","21","48","41"
"NET-0072","Access Switch","Cisco Catalyst 9200","East Campus","Healthy","22","17.7.1","2026-02-15 03:06:50","62","41","66"
"NET-0073","Access Switch","Cisco Catalyst 9200","North Campus","Healthy","271","17.8.4","2026-02-15 09:06:50","42","79","63"
"NET-0074","Access Switch","Cisco Catalyst 9200","East Campus","Healthy","337","17.8.3","2026-02-15 22:06:50","49","22","55"
"NET-0075","Access Switch","Cisco Catalyst 9200","North Campus","Healthy","195","17.6.2","2026-02-15 11:06:50","53","66","83"
"NET-0076","Access Switch","Cisco Catalyst 9200","East Campus","Healthy","313","17.8.2","2026-02-15 12:06:50","19","56","64"
"NET-0077","Access Switch","Cisco Catalyst 9200","North Campus","Healthy","29","17.6.4","2026-02-15 15:06:50","32","35","41"
"NET-0078","Access Switch","Cisco Catalyst 9200","Main Campus","Healthy","55","17.7.4","2026-02-15 08:06:50","70","50","47"
"NET-0079","Access Switch","Cisco Catalyst 9200","South Campus","Healthy","30","17.7.1","2026-02-15 08:06:50","31","58","53"
"NET-0080","Access Switch","Cisco Catalyst 9200","South Campus","Healthy","35","17.7.4","2026-02-15 17:06:50","56","34","62"
"NET-0081","Access Switch","Cisco Catalyst 9200","North Campus","Healthy","103","17.7.2","2026-02-15 11:06:50","62","68","61"
"NET-0082","Access Switch","Cisco Catalyst 9200","East Campus","Healthy","228","17.8.4","2026-02-15 07:06:50","74","75","75"
"NET-0083","Access Switch","Cisco Catalyst 9200","Main Campus","Healthy","205","17.8.1","2026-02-15 17:06:50","14","68","46"
"NET-0084","Access Switch","Cisco Catalyst 9200","East Campus","Healthy","161","17.8.3","2026-02-15 06:06:50","69","58","64"
"NET-0085","Access Switch","Cisco Catalyst 9200","Main Campus","Healthy","200","17.7.2","2026-02-15 11:06:50","53","69","61"
"NET-0086","Access Switch","Cisco Catalyst 9200","North Campus","Healthy","156","17.7.1","2026-02-15 22:06:50","43","46","70"
"NET-0087","Access Switch","Cisco Catalyst 9200","Main Campus","Healthy","105","17.6.2","2026-02-15 21:06:50","22","79","61"
"NET-0088","Access Switch","Cisco Catalyst 9200","North Campus","Healthy","339","17.8.3","2026-02-15 13:06:50","39","57","81"
"NET-0089","Access Switch","Cisco Catalyst 9200","Main Campus","Healthy","146","17.8.1","2026-02-15 19:06:50","21","72","59"
"NET-0090","Access Switch","Cisco Catalyst 9200","South Campus","Healthy","248","17.7.4","2026-02-15 07:06:50","51","44","70"
"NET-0091","Access Switch","Cisco Catalyst 9200","South Campus","Critical","282","17.8.4","2026-02-14 23:06:50","22","58","47"
"NET-0092","Access Switch","Cisco Catalyst 9200","North Campus","Healthy","284","17.7.1","2026-02-15 14:06:50","24","25","86"
"NET-0093","Access Switch","Cisco Catalyst 9200","South Campus","Healthy","273","17.8.4","2026-02-15 00:06:50","65","66","76"
"NET-0094","Access Switch","Cisco Catalyst 9200","South Campus","Healthy","277","17.6.2","2026-02-15 13:06:50","22","45","59"
"NET-0095","Access Switch","Cisco Catalyst 9200","South Campus","Healthy","25","17.6.2","2026-02-15 10:06:50","39","68","50"
"NET-0096","Access Switch","Cisco Catalyst 9200","South Campus","Healthy","299","17.8.1","2026-02-15 00:06:50","18","79","89"
"NET-0097","Access Switch","Cisco Catalyst 9200","South Campus","Healthy","19","17.8.4","2026-02-15 01:06:50","25","48","86"
"NET-0098","Access Switch","Cisco Catalyst 9200","Main Campus","Healthy","117","17.6.4","2026-02-15 21:06:50","52","40","86"
"NET-0099","Access Switch","Cisco Catalyst 9200","South Campus","Healthy","112","17.7.2","2026-02-15 07:06:50","72","20","79"
"NET-0100","Access Switch","Cisco Catalyst 9200","South Campus","Healthy","233","17.8.4","2026-02-15 09:06:50","72","40","83"
"NET-0101","Access Switch","Cisco Catalyst 9200","Main Campus","Healthy","345","17.6.1","2026-02-15 18:06:50","44","58","40"
"NET-0102","Wireless Controller","Cisco 9800","South Campus","Healthy","112","17.8.4","2026-02-15 20:06:50","52","50","0"
"NET-0103","Wireless Controller","Cisco 9800","Main Campus","Warning","72","17.6.2","2026-02-15 18:06:50","64","54","0"
"NET-0104","Wireless Controller","Cisco 9800","Main Campus","Healthy","313","17.6.3","2026-02-15 04:06:50","71","25","0"
"NET-0105","Wireless Controller","Cisco 9800","South Campus","Healthy","238","17.7.3","2026-02-15 09:06:50","65","63","0"
"NET-0106","Access Point","Cisco Catalyst 9120AXI","East Campus","Healthy","130","17.8.2","2026-02-15 16:06:50","30","45","0"
"NET-0107","Access Point","Cisco Catalyst 9120AXI","East Campus","Healthy","311","17.7.1","2026-02-15 18:06:50","39","47","0"
"NET-0108","Access Point","Cisco Catalyst 9120AXI","South Campus","Warning","122","17.6.2","2026-02-15 09:06:50","19","68","0"
"NET-0109","Access Point","Cisco Catalyst 9120AXI","East Campus","Healthy","101","17.6.4","2026-02-15 19:06:50","33","60","0"
"NET-0110","Access Point","Cisco Catalyst 9120AXI","East Campus","Healthy","181","17.8.4","2026-02-15 04:06:50","17","74","0"
"NET-0111","Access Point","Cisco Catalyst 9120AXI","South Campus","Healthy","219","17.6.1","2026-02-15 18:06:50","49","77","0"
"NET-0112","Access Point","Cisco Catalyst 9120AXI","South Campus","Healthy","265","17.7.2","2026-02-15 04:06:50","35","51","0"
"NET-0113","Access Point","Cisco Catalyst 9120AXI","East Campus","Healthy","113","17.6.2","2026-02-15 07:06:50","60","69","0"
"NET-0114","Access Point","Cisco Catalyst 9120AXI","South Campus","Healthy","141","17.7.3","2026-02-15 18:06:50","33","56","0"
"NET-0115","Access Point","Cisco Catalyst 9120AXI","Main Campus","Healthy","152","17.6.1","2026-02-15 01:06:50","49","62","0"
"NET-0116","Access Point","Cisco Catalyst 9120AXI","East Campus","Warning","183","17.7.4","2026-02-15 17:06:50","40","33","0"
"NET-0117","Access Point","Cisco Catalyst 9120AXI","East Campus","Healthy","356","17.8.4","2026-02-15 07:06:50","45","61","0"
"NET-0118","Access Point","Cisco Catalyst 9120AXI","East Campus","Healthy","215","17.6.4","2026-02-15 07:06:50","34","71","0"
"NET-0119","Access Point","Cisco Catalyst 9120AXI","North Campus","Healthy","346","17.8.3","2026-02-15 09:06:50","68","50","0"
"NET-0120","Access Point","Cisco Catalyst 9120AXI","South Campus","Healthy","43","17.7.3","2026-02-15 18:06:50","28","24","0"
"NET-0121","Access Point","Cisco Catalyst 9120AXI","South Campus","Warning","225","17.6.1","2026-02-15 03:06:50","50","74","0"
"NET-0122","Access Point","Cisco Catalyst 9120AXI","South Campus","Healthy","334","17.7.2","2026-02-15 03:06:50","16","31","0"
"NET-0123","Access Point","Cisco Catalyst 9120AXI","South Campus","Healthy","44","17.6.2","2026-02-15 22:06:50","57","35","0"
"NET-0124","Access Point","Cisco Catalyst 9120AXI","Main Campus","Healthy","335","17.7.4","2026-02-15 10:06:50","63","35","0"
"NET-0125","Access Point","Cisco Catalyst 9120AXI","South Campus","Healthy","70","17.6.4","2026-02-15 21:06:50","60","33","0"
"NET-0126","Access Point","Cisco Catalyst 9120AXI","Main Campus","Healthy","169","17.6.2","2026-02-15 22:06:50","11","71","0"
"NET-0127","Access Point","Cisco Catalyst 9120AXI","North Campus","Healthy","127","17.6.3","2026-02-15 19:06:50","71","78","0"
"NET-0128","Access Point","Cisco Catalyst 9120AXI","Main Campus","Healthy","361","17.6.3","2026-02-15 21:06:50","63","60","0"
"NET-0129","Access Point","Cisco Catalyst 9120AXI","North Campus","Healthy","355","17.8.1","2026-02-15 20:06:50","62","65","0"
"NET-0130","Access Point","Cisco Catalyst 9120AXI","South Campus","Healthy","72","17.7.3","2026-02-15 07:06:50","34","63","0"
"NET-0131","Access Point","Cisco Catalyst 9120AXI","South Campus","Healthy","4","17.7.4","2026-02-15 11:06:50","18","71","0"
"NET-0132","Access Point","Cisco Catalyst 9120AXI","Main Campus","Healthy","137","17.6.3","2026-02-15 21:06:50","15","42","0"
"NET-0133","Access Point","Cisco Catalyst 9120AXI","Main Campus","Healthy","127","17.6.1","2026-02-15 13:06:50","18","63","0"
"NET-0134","Access Point","Cisco Catalyst 9120AXI","Main Campus","Healthy","304","17.7.4","2026-02-15 17:06:50","28","48","0"
"NET-0135","Access Point","Cisco Catalyst 9120AXI","Main Campus","Healthy","224","17.6.4","2026-02-15 12:06:50","47","26","0"
"NET-0136","Access Point","Cisco Catalyst 9120AXI","East Campus","Healthy","43","17.8.2","2026-02-15 03:06:50","33","63","0"
"NET-0137","Access Point","Cisco Catalyst 9120AXI","North Campus","Healthy","247","17.8.4","2026-02-15 13:06:50","54","33","0"
"NET-0138","Access Point","Cisco Catalyst 9120AXI","North Campus","Warning","135","17.6.4","2026-02-15 08:06:50","45","26","0"
"NET-0139","Access Point","Cisco Catalyst 9120AXI","North Campus","Healthy","142","17.8.2","2026-02-15 04:06:50","69","76","0"
"NET-0140","Access Point","Cisco Catalyst 9120AXI","Main Campus","Healthy","215","17.8.2","2026-02-15 15:06:50","43","56","0"
"NET-0141","Access Point","Cisco Catalyst 9120AXI","North Campus","Healthy","111","17.8.3","2026-02-15 16:06:50","27","63","0"
"NET-0142","Access Point","Cisco Catalyst 9120AXI","East Campus","Healthy","79","17.8.3","2026-02-15 00:06:50","35","28","0"
"NET-0143","Access Point","Cisco Catalyst 9120AXI","South Campus","Healthy","61","17.7.4","2026-02-15 06:06:50","23","60","0"
"NET-0144","Access Point","Cisco Catalyst 9120AXI","East Campus","Healthy","47","17.8.1","2026-02-15 04:06:50","29","79","0"
"NET-0145","Access Point","Cisco Catalyst 9120AXI","Main Campus","Healthy","290","17.8.4","2026-02-15 10:06:50","14","69","0"
"NET-0146","Access Point","Cisco Catalyst 9120AXI","East Campus","Healthy","172","17.8.3","2026-02-15 13:06:50","10","34","0"
"NET-0147","Access Point","Cisco Catalyst 9120AXI","North Campus","Healthy","141","17.8.1","2026-02-15 02:06:50","50","72","0"
"NET-0148","Access Point","Cisco Catalyst 9120AXI","Main Campus","Healthy","22","17.7.4","2026-02-15 19:06:50","28","55","0"
"NET-0149","Access Point","Cisco Catalyst 9120AXI","East Campus","Healthy","280","17.7.1","2026-02-15 05:06:50","26","28","0"
"NET-0150","Access Point","Cisco Catalyst 9120AXI","East Campus","Healthy","99","17.7.1","2026-02-15 10:06:50","33","58","0"
"NET-0151","Access Point","Cisco Catalyst 9120AXI","South Campus","Healthy","27","17.7.4","2026-02-15 12:06:50","64","67","0"
"NET-0152","Access Point","Cisco Catalyst 9120AXI","East Campus","Healthy","149","17.8.4","2026-02-15 00:06:50","70","25","0"
"NET-0153","Access Point","Cisco Catalyst 9120AXI","Main Campus","Healthy","238","17.6.2","2026-02-15 15:06:50","27","27","0"
"NET-0154","Access Point","Cisco Catalyst 9120AXI","Main Campus","Healthy","154","17.7.1","2026-02-15 16:06:50","21","75","0"
"NET-0155","Access Point","Cisco Catalyst 9120AXI","Main Campus","Healthy","92","17.6.1","2026-02-15 14:06:50","25","63","0"
"NET-0156","Access Point","Cisco Catalyst 9120AXI","South Campus","Healthy","353","17.7.4","2026-02-15 17:06:50","26","51","0"
"NET-0157","Access Point","Cisco Catalyst 9120AXI","Main Campus","Healthy","198","17.6.1","2026-02-15 18:06:50","17","48","0"
"NET-0158","Access Point","Cisco Catalyst 9120AXI","Main Campus","Healthy","295","17.6.4","2026-02-15 04:06:50","28","49","0"
"NET-0159","Access Point","Cisco Catalyst 9120AXI","East Campus","Healthy","1","17.7.2","2026-02-15 14:06:50","38","52","0"
"NET-0160","Access Point","Cisco Catalyst 9120AXI","Main Campus","Warning","287","17.6.1","2026-02-15 08:06:50","65","39","0"
"NET-0161","Access Point","Cisco Catalyst 9120AXI","East Campus","Warning","258","17.8.4","2026-02-15 02:06:50","38","64","0"
"NET-0162","Access Point","Cisco Catalyst 9120AXI","North Campus","Healthy","68","17.6.2","2026-02-15 09:06:50","33","61","0"
"NET-0163","Access Point","Cisco Catalyst 9120AXI","South Campus","Healthy","213","17.8.4","2026-02-15 13:06:50","61","68","0"
"NET-0164","Access Point","Cisco Catalyst 9120AXI","North Campus","Healthy","145","17.6.4","2026-02-15 18:06:50","33","49","0"
"NET-0165","Access Point","Cisco Catalyst 9120AXI","North Campus","Healthy","133","17.6.1","2026-02-14 23:06:50","59","54","0"
"NET-0166","Access Point","Cisco Catalyst 9120AXI","North Campus","Healthy","211","17.8.3","2026-02-15 09:06:50","42","57","0"
"NET-0167","Access Point","Cisco Catalyst 9120AXI","Main Campus","Healthy","59","17.6.2","2026-02-15 17:06:50","15","68","0"
"NET-0168","Access Point","Cisco Catalyst 9120AXI","Main Campus","Warning","313","17.7.4","2026-02-15 01:06:50","15","61","0"
"NET-0169","Access Point","Cisco Catalyst 9120AXI","Main Campus","Healthy","216","17.7.4","2026-02-15 09:06:50","44","41","0"
"NET-0170","Access Point","Cisco Catalyst 9120AXI","South Campus","Warning","67","17.6.2","2026-02-15 13:06:50","53","60","0"
"NET-0171","Access Point","Cisco Catalyst 9120AXI","Main Campus","Healthy","229","17.7.2","2026-02-15 09:06:50","51","31","0"
"NET-0172","Access Point","Cisco Catalyst 9120AXI","North Campus","Healthy","108","17.8.2","2026-02-15 06:06:50","65","61","0"
"NET-0173","Access Point","Cisco Catalyst 9120AXI","East Campus","Healthy","360","17.7.3","2026-02-15 13:06:50","31","41","0"
"NET-0174","Access Point","Cisco Catalyst 9120AXI","Main Campus","Healthy","109","17.6.4","2026-02-15 07:06:50","40","47","0"
"NET-0175","Access Point","Cisco Catalyst 9120AXI","North Campus","Warning","185","17.6.1","2026-02-15 07:06:50","46","60","0"
"NET-0176","Access Point","Cisco Catalyst 9120AXI","Main Campus","Healthy","211","17.7.2","2026-02-15 12:06:50","26","45","0"
"NET-0177","Access Point","Cisco Catalyst 9120AXI","North Campus","Healthy","339","17.8.2","2026-02-15 10:06:50","46","28","0"
"NET-0178","Access Point","Cisco Catalyst 9120AXI","South Campus","Healthy","222","17.8.4","2026-02-15 11:06:50","63","40","0"
"NET-0179","Access Point","Cisco Catalyst 9120AXI","East Campus","Healthy","145","17.8.2","2026-02-15 11:06:50","71","25","0"
"NET-0180","Access Point","Cisco Catalyst 9120AXI","East Campus","Healthy","347","17.8.4","2026-02-15 21:06:50","73","64","0"
"NET-0181","Access Point","Cisco Catalyst 9120AXI","North Campus","Healthy","62","17.7.3","2026-02-15 04:06:50","10","26","0"
"NET-0182","Access Point","Cisco Catalyst 9120AXI","North Campus","Warning","234","17.8.2","2026-02-15 21:06:50","25","36","0"
"NET-0183","Access Point","Cisco Catalyst 9120AXI","North Campus","Healthy","127","17.7.3","2026-02-15 01:06:50","22","68","0"
"NET-0184","Access Point","Cisco Catalyst 9120AXI","East Campus","Healthy","297","17.7.4","2026-02-15 14:06:50","67","62","0"
"NET-0185","Access Point","Cisco Catalyst 9120AXI","East Campus","Warning","17","17.8.2","2026-02-15 15:06:50","55","43","0"
"NET-0186","Access Point","Cisco Catalyst 9120AXI","North Campus","Healthy","34","17.7.4","2026-02-15 17:06:50","60","26","0"
"NET-0187","Access Point","Cisco Catalyst 9120AXI","East Campus","Healthy","265","17.8.4","2026-02-15 13:06:50","48","42","0"
"NET-0188","Access Point","Cisco Catalyst 9120AXI","South Campus","Healthy","334","17.8.1","2026-02-15 18:06:50","32","63","0"
"NET-0189","Access Point","Cisco Catalyst 9120AXI","South Campus","Healthy","30","17.8.2","2026-02-15 21:06:50","11","34","0"
"NET-0190","Access Point","Cisco Catalyst 9120AXI","South Campus","Healthy","40","17.8.2","2026-02-15 19:06:50","41","54","0"
"NET-0191","Access Point","Cisco Catalyst 9120AXI","Main Campus","Healthy","197","17.8.4","2026-02-15 08:06:50","28","32","0"
"NET-0192","Access Point","Cisco Catalyst 9120AXI","South Campus","Healthy","145","17.6.4","2026-02-15 15:06:50","31","34","0"
"NET-0193","Access Point","Cisco Catalyst 9120AXI","Main Campus","Healthy","27","17.6.4","2026-02-15 14:06:50","52","20","0"
"NET-0194","Access Point","Cisco Catalyst 9120AXI","Main Campus","Healthy","199","17.7.1","2026-02-15 20:06:50","55","47","0"
"NET-0195","Access Point","Cisco Catalyst 9120AXI","Main Campus","Healthy","299","17.6.3","2026-02-15 14:06:50","26","71","0"
"NET-0196","Access Point","Cisco Catalyst 9120AXI","East Campus","Healthy","209","17.7.1","2026-02-15 16:06:50","38","74","0"
"NET-0197","Access Point","Cisco Catalyst 9120AXI","North Campus","Healthy","204","17.8.1","2026-02-15 15:06:50","16","71","0"
"NET-0198","Access Point","Cisco Catalyst 9120AXI","Main Campus","Healthy","125","17.7.4","2026-02-15 05:06:50","70","72","0"
"NET-0199","Access Point","Cisco Catalyst 9120AXI","North Campus","Healthy","221","17.8.4","2026-02-15 22:06:50","19","39","0"
"NET-0200","Access Point","Cisco Catalyst 9120AXI","East Campus","Healthy","272","17.7.1","2026-02-15 19:06:50","51","61","0"
"NET-0201","Access Point","Cisco Catalyst 9120AXI","South Campus","Healthy","163","17.8.2","2026-02-14 23:06:50","49","33","0"
"NET-0202","Access Point","Cisco Catalyst 9120AXI","South Campus","Healthy","4","17.7.2","2026-02-15 15:06:50","15","63","0"
"NET-0203","Access Point","Cisco Catalyst 9120AXI","North Campus","Healthy","95","17.8.1","2026-02-15 19:06:50","32","26","0"
"NET-0204","Access Point","Cisco Catalyst 9120AXI","South Campus","Healthy","15","17.7.1","2026-02-15 07:06:50","25","25","0"
"NET-0205","Access Point","Cisco Catalyst 9120AXI","North Campus","Healthy","360","17.7.4","2026-02-15 02:06:50","63","70","0"
"NET-0206","Access Point","Cisco Catalyst 9120AXI","East Campus","Healthy","103","17.7.1","2026-02-15 13:06:50","28","43","0"
"NET-0207","Access Point","Cisco Catalyst 9120AXI","South Campus","Healthy","305","17.7.3","2026-02-15 20:06:50","26","58","0"
"NET-0208","Access Point","Cisco Catalyst 9120AXI","South Campus","Healthy","287","17.8.4","2026-02-15 20:06:50","40","75","0"
"NET-0209","Access Point","Cisco Catalyst 9120AXI","East Campus","Healthy","95","17.6.3","2026-02-15 21:06:50","46","49","0"
"NET-0210","Access Point","Cisco Catalyst 9120AXI","South Campus","Healthy","144","17.7.2","2026-02-15 02:06:50","65","47","0"
"NET-0211","Access Point","Cisco Catalyst 9120AXI","East Campus","Healthy","312","17.8.2","2026-02-15 01:06:50","31","44","0"
"NET-0212","Access Point","Cisco Catalyst 9120AXI","Main Campus","Healthy","77","17.6.1","2026-02-15 04:06:50","27","58","0"
"NET-0213","Access Point","Cisco Catalyst 9120AXI","North Campus","Warning","149","17.8.4","2026-02-15 17:06:50","11","70","0"
"NET-0214","Access Point","Cisco Catalyst 9120AXI","South Campus","Healthy","44","17.6.2","2026-02-15 02:06:50","66","67","0"
"NET-0215","Access Point","Cisco Catalyst 9120AXI","Main Campus","Healthy","159","17.6.3","2026-02-15 15:06:50","65","66","0"
"NET-0216","Access Point","Cisco Catalyst 9120AXI","North Campus","Warning","120","17.8.2","2026-02-15 21:06:50","52","26","0"
"NET-0217","Access Point","Cisco Catalyst 9120AXI","North Campus","Healthy","234","17.7.4","2026-02-15 03:06:50","24","24","0"
"NET-0218","Access Point","Cisco Catalyst 9120AXI","South Campus","Healthy","146","17.8.1","2026-02-14 23:06:50","58","46","0"
"NET-0219","Access Point","Cisco Catalyst 9120AXI","South Campus","Healthy","301","17.7.4","2026-02-15 02:06:50","21","62","0"
"NET-0220","Access Point","Cisco Catalyst 9120AXI","East Campus","Healthy","239","17.8.3","2026-02-15 05:06:50","38","66","0"
"NET-0221","Access Point","Cisco Catalyst 9120AXI","East Campus","Healthy","238","17.7.3","2026-02-15 22:06:50","66","30","0"
"NET-0222","Access Point","Cisco Catalyst 9120AXI","South Campus","Warning","363","17.6.2","2026-02-15 14:06:50","29","56","0"
"NET-0223","Access Point","Cisco Catalyst 9120AXI","North Campus","Healthy","328","17.7.4","2026-02-15 13:06:50","46","76","0"
"NET-0224","Access Point","Cisco Catalyst 9120AXI","Main Campus","Healthy","11","17.6.2","2026-02-15 06:06:50","47","44","0"
"NET-0225","Access Point","Cisco Catalyst 9120AXI","East Campus","Warning","126","17.8.1","2026-02-15 00:06:50","64","56","0"
"NET-0226","Access Point","Cisco Catalyst 9120AXI","Main Campus","Healthy","72","17.6.4","2026-02-15 05:06:50","57","38","0"
"NET-0227","Access Point","Cisco Catalyst 9120AXI","North Campus","Healthy","254","17.8.1","2026-02-15 13:06:50","32","74","0"
"NET-0228","Access Point","Cisco Catalyst 9120AXI","South Campus","Healthy","266","17.6.1","2026-02-15 15:06:50","74","29","0"
"NET-0229","Access Point","Cisco Catalyst 9120AXI","Main Campus","Healthy","317","17.6.2","2026-02-15 07:06:50","58","50","0"
"NET-0230","Access Point","Cisco Catalyst 9120AXI","South Campus","Warning","28","17.8.4","2026-02-15 04:06:50","51","41","0"
"NET-0231","Access Point","Cisco Catalyst 9120AXI","Main Campus","Healthy","321","17.8.2","2026-02-15 03:06:50","74","33","0"
"NET-0232","Access Point","Cisco Catalyst 9120AXI","East Campus","Healthy","1","17.8.1","2026-02-15 11:06:50","47","30","0"
"NET-0233","Access Point","Cisco Catalyst 9120AXI","East Campus","Healthy","126","17.6.2","2026-02-15 15:06:50","61","66","0"
"NET-0234","Access Point","Cisco Catalyst 9120AXI","Main Campus","Healthy","134","17.6.4","2026-02-15 15:06:50","45","77","0"
"NET-0235","Access Point","Cisco Catalyst 9120AXI","East Campus","Healthy","200","17.7.4","2026-02-15 00:06:50","42","26","0"
"NET-0236","Access Point","Cisco Catalyst 9120AXI","Main Campus","Healthy","66","17.8.1","2026-02-15 21:06:50","65","77","0"
"NET-0237","Access Point","Cisco Catalyst 9120AXI","Main Campus","Healthy","237","17.8.2","2026-02-15 09:06:50","39","62","0"
"NET-0238","Access Point","Cisco Catalyst 9120AXI","Main Campus","Healthy","242","17.8.2","2026-02-15 11:06:50","51","33","0"
"NET-0239","Access Point","Cisco Catalyst 9120AXI","North Campus","Healthy","259","17.8.4","2026-02-15 08:06:50","57","27","0"
"NET-0240","Access Point","Cisco Catalyst 9120AXI","Main Campus","Healthy","221","17.7.4","2026-02-15 22:06:50","18","35","0"
"NET-0241","Access Point","Cisco Catalyst 9120AXI","East Campus","Healthy","283","17.6.1","2026-02-15 18:06:50","40","25","0"
"NET-0242","Access Point","Cisco Catalyst 9120AXI","East Campus","Healthy","165","17.6.3","2026-02-15 13:06:50","66","60","0"
"NET-0243","Access Point","Cisco Catalyst 9120AXI","Main Campus","Healthy","159","17.8.3","2026-02-15 02:06:50","72","63","0"
"NET-0244","Access Point","Cisco Catalyst 9120AXI","Main Campus","Healthy","146","17.7.1","2026-02-15 17:06:50","19","69","0"
"NET-0245","Access Point","Cisco Catalyst 9120AXI","North Campus","Healthy","3","17.8.3","2026-02-15 06:06:50","28","54","0"
"NET-0246","Access Point","Cisco Catalyst 9120AXI","North Campus","Healthy","172","17.6.1","2026-02-15 07:06:50","32","63","0"
"NET-0247","Access Point","Cisco Catalyst 9120AXI","South Campus","Healthy","276","17.7.3","2026-02-15 02:06:50","66","60","0"
"NET-0248","Access Point","Cisco Catalyst 9120AXI","Main Campus","Healthy","290","17.8.2","2026-02-15 02:06:50","38","58","0"
"NET-0249","Access Point","Cisco Catalyst 9120AXI","Main Campus","Healthy","303","17.8.3","2026-02-15 16:06:50","51","42","0"
"NET-0250","Access Point","Cisco Catalyst 9120AXI","Main Campus","Healthy","274","17.6.1","2026-02-15 02:06:50","45","78","0"
"NET-0251","Access Point","Cisco Catalyst 9120AXI","Main Campus","Healthy","340","17.7.1","2026-02-15 15:06:50","41","60","0"
"NET-0252","Access Point","Cisco Catalyst 9120AXI","Main Campus","Healthy","255","17.6.1","2026-02-15 07:06:50","30","78","0"
"NET-0253","Access Point","Cisco Catalyst 9120AXI","East Campus","Healthy","5","17.8.2","2026-02-15 01:06:50","24","64","0"
"NET-0254","Access Point","Cisco Catalyst 9120AXI","East Campus","Healthy","228","17.6.3","2026-02-14 23:06:50","66","55","0"
"NET-0255","Access Point","Cisco Catalyst 9120AXI","North Campus","Healthy","202","17.7.3","2026-02-15 04:06:50","62","53","0"
"NET-0256","Access Point","Cisco Catalyst 9120AXI","North Campus","Healthy","355","17.7.1","2026-02-15 08:06:50","41","76","0"
"NET-0257","Access Point","Cisco Catalyst 9120AXI","East Campus","Healthy","48","17.7.1","2026-02-15 15:06:50","17","20","0"
"NET-0258","Access Point","Cisco Catalyst 9120AXI","Main Campus","Healthy","313","17.6.2","2026-02-15 20:06:50","10","67","0"
"NET-0259","Access Point","Cisco Catalyst 9120AXI","North Campus","Healthy","63","17.8.3","2026-02-15 07:06:50","52","65","0"
"NET-0260","Access Point","Cisco Catalyst 9120AXI","Main Campus","Healthy","355","17.6.4","2026-02-15 00:06:50","72","24","0"
"NET-0261","Access Point","Cisco Catalyst 9120AXI","North Campus","Healthy","88","17.7.3","2026-02-15 15:06:50","35","33","0"
"NET-0262","Access Point","Cisco Catalyst 9120AXI","North Campus","Healthy","274","17.7.2","2026-02-15 09:06:50","61","52","0"
"NET-0263","Access Point","Cisco Catalyst 9120AXI","North Campus","Healthy","299","17.6.2","2026-02-15 19:06:50","33","40","0"
"NET-0264","Access Point","Cisco Catalyst 9120AXI","South Campus","Healthy","73","17.8.4","2026-02-15 12:06:50","51","61","0"
"NET-0265","Access Point","Cisco Catalyst 9120AXI","Main Campus","Healthy","43","17.6.2","2026-02-15 22:06:50","29","38","0"
"NET-0266","Access Point","Cisco Catalyst 9120AXI","South Campus","Healthy","5","17.8.4","2026-02-15 06:06:50","50","51","0"
"NET-0267","Access Point","Cisco Catalyst 9120AXI","North Campus","Healthy","136","17.8.3","2026-02-15 22:06:50","28","32","0"
"NET-0268","Access Point","Cisco Catalyst 9120AXI","East Campus","Healthy","116","17.7.2","2026-02-15 18:06:50","61","75","0"
"NET-0269","Access Point","Cisco Catalyst 9120AXI","East Campus","Healthy","259","17.6.2","2026-02-15 18:06:50","37","76","0"
"NET-0270","Access Point","Cisco Catalyst 9120AXI","North Campus","Warning","206","17.6.3","2026-02-15 20:06:50","39","54","0"
"NET-0271","Access Point","Cisco Catalyst 9120AXI","South Campus","Healthy","59","17.8.2","2026-02-15 21:06:50","73","76","0"
"NET-0272","Access Point","Cisco Catalyst 9120AXI","Main Campus","Healthy","115","17.8.4","2026-02-15 00:06:50","72","77","0"
"NET-0273","Access Point","Cisco Catalyst 9120AXI","East Campus","Healthy","340","17.6.3","2026-02-15 19:06:50","37","79","0"
"NET-0274","Access Point","Cisco Catalyst 9120AXI","Main Campus","Healthy","334","17.7.4","2026-02-15 06:06:50","52","38","0"
"NET-0275","Access Point","Cisco Catalyst 9120AXI","East Campus","Healthy","121","17.6.3","2026-02-15 14:06:50","22","49","0"
"NET-0276","Access Point","Cisco Catalyst 9120AXI","East Campus","Warning","223","17.7.1","2026-02-15 07:06:50","65","58","0"
"NET-0277","Access Point","Cisco Catalyst 9120AXI","Main Campus","Healthy","6","17.6.3","2026-02-15 00:06:50","17","75","0"
"NET-0278","Access Point","Cisco Catalyst 9120AXI","East Campus","Healthy","361","17.6.4","2026-02-15 16:06:50","34","75","0"
"NET-0279","Access Point","Cisco Catalyst 9120AXI","Main Campus","Healthy","323","17.6.3","2026-02-15 18:06:50","37","35","0"
"NET-0280","Access Point","Cisco Catalyst 9120AXI","South Campus","Healthy","222","17.8.4","2026-02-15 03:06:50","22","36","0"
"NET-0281","Access Point","Cisco Catalyst 9120AXI","East Campus","Healthy","309","17.7.2","2026-02-15 13:06:50","11","67","0"
"NET-0282","Access Point","Cisco Catalyst 9120AXI","South Campus","Warning","302","17.7.3","2026-02-15 13:06:50","60","73","0"
"NET-0283","Access Point","Cisco Catalyst 9120AXI","Main Campus","Healthy","332","17.7.4","2026-02-15 11:06:50","12","41","0"
"NET-0284","Access Point","Cisco Catalyst 9120AXI","East Campus","Healthy","116","17.6.2","2026-02-15 11:06:50","66","60","0"
"NET-0285","Access Point","Cisco Catalyst 9120AXI","Main Campus","Healthy","308","17.7.2","2026-02-15 19:06:50","38","79","0"
"NET-0286","Access Point","Cisco Catalyst 9120AXI","South Campus","Healthy","320","17.6.3","2026-02-15 11:06:50","45","34","0"
"NET-0287","Access Point","Cisco Catalyst 9120AXI","Main Campus","Healthy","122","17.6.4","2026-02-15 14:06:50","72","71","0"
"NET-0288","Access Point","Cisco Catalyst 9120AXI","North Campus","Healthy","362","17.7.1","2026-02-15 11:06:50","52","31","0"
"NET-0289","Access Point","Cisco Catalyst 9120AXI","Main Campus","Healthy","244","17.6.1","2026-02-15 04:06:50","43","46","0"
"NET-0290","Access Point","Cisco Catalyst 9120AXI","South Campus","Healthy","320","17.6.4","2026-02-15 17:06:50","53","29","0"
"NET-0291","Access Point","Cisco Catalyst 9120AXI","North Campus","Healthy","352","17.8.1","2026-02-15 20:06:50","41","52","0"
"NET-0292","Access Point","Cisco Catalyst 9120AXI","Main Campus","Healthy","323","17.8.2","2026-02-15 12:06:50","52","79","0"
"NET-0293","Access Point","Cisco Catalyst 9120AXI","South Campus","Healthy","91","17.8.1","2026-02-15 17:06:50","65","31","0"
"NET-0294","Access Point","Cisco Catalyst 9120AXI","South Campus","Healthy","331","17.6.2","2026-02-15 18:06:50","50","72","0"
"NET-0295","Access Point","Cisco Catalyst 9120AXI","North Campus","Healthy","123","17.8.3","2026-02-15 19:06:50","52","42","0"
"NET-0296","Access Point","Cisco Catalyst 9120AXI","Main Campus","Healthy","110","17.7.2","2026-02-15 16:06:50","39","49","0"
"NET-0297","Access Point","Cisco Catalyst 9120AXI","East Campus","Healthy","179","17.6.3","2026-02-15 09:06:50","69","70","0"
"NET-0298","Access Point","Cisco Catalyst 9120AXI","Main Campus","Warning","327","17.7.4","2026-02-15 02:06:50","16","61","0"
"NET-0299","Access Point","Cisco Catalyst 9120AXI","Main Campus","Healthy","29","17.6.1","2026-02-15 12:06:50","34","25","0"
"NET-0300","Access Point","Cisco Catalyst 9120AXI","Main Campus","Healthy","297","17.6.2","2026-02-14 23:06:50","11","63","0"
"NET-0301","Access Point","Cisco Catalyst 9120AXI","North Campus","Healthy","210","17.6.2","2026-02-14 23:06:50","44","29","0"
"NET-0302","Access Point","Cisco Catalyst 9120AXI","East Campus","Healthy","84","17.6.2","2026-02-15 22:06:50","37","72","0"
"NET-0303","Access Point","Cisco Catalyst 9120AXI","South Campus","Healthy","296","17.8.3","2026-02-15 07:06:50","14","42","0"
"NET-0304","Access Point","Cisco Catalyst 9120AXI","Main Campus","Healthy","224","17.6.1","2026-02-15 08:06:50","23","77","0"
"NET-0305","Access Point","Cisco Catalyst 9120AXI","North Campus","Healthy","361","17.6.1","2026-02-15 11:06:50","65","45","0"
"NET-0306","Access Point","Cisco Catalyst 9120AXI","East Campus","Healthy","215","17.8.4","2026-02-15 08:06:50","14","48","0"
"NET-0307","Access Point","Cisco Catalyst 9120AXI","East Campus","Healthy","216","17.7.4","2026-02-15 14:06:50","26","46","0"
"NET-0308","Access Point","Cisco Catalyst 9120AXI","North Campus","Healthy","259","17.6.2","2026-02-15 15:06:50","10","47","0"
"NET-0309","Access Point","Cisco Catalyst 9120AXI","South Campus","Healthy","113","17.8.4","2026-02-15 06:06:50","69","63","0"
"NET-0310","Access Point","Cisco Catalyst 9120AXI","East Campus","Healthy","186","17.6.2","2026-02-15 03:06:50","20","78","0"
"NET-0311","Access Point","Cisco Catalyst 9120AXI","South Campus","Healthy","227","17.7.2","2026-02-15 21:06:50","57","66","0"
"NET-0312","Access Point","Cisco Catalyst 9120AXI","Main Campus","Healthy","104","17.8.4","2026-02-15 07:06:50","53","68","0"
"NET-0313","Access Point","Cisco Catalyst 9120AXI","South Campus","Healthy","122","17.8.1","2026-02-15 08:06:50","59","39","0"
"NET-0314","Access Point","Cisco Catalyst 9120AXI","South Campus","Healthy","64","17.6.1","2026-02-15 00:06:50","46","78","0"
"NET-0315","Access Point","Cisco Catalyst 9120AXI","North Campus","Healthy","68","17.8.1","2026-02-15 07:06:50","28","69","0"
"NET-0316","Access Point","Cisco Catalyst 9120AXI","North Campus","Healthy","202","17.6.4","2026-02-14 23:06:50","62","68","0"
"NET-0317","Access Point","Cisco Catalyst 9120AXI","North Campus","Healthy","33","17.8.1","2026-02-15 08:06:50","21","44","0"
"NET-0318","Access Point","Cisco Catalyst 9120AXI","East Campus","Healthy","195","17.6.1","2026-02-15 00:06:50","23","71","0"
"NET-0319","Access Point","Cisco Catalyst 9120AXI","South Campus","Healthy","291","17.7.3","2026-02-15 06:06:50","45","61","0"
"NET-0320","Access Point","Cisco Catalyst 9120AXI","South Campus","Healthy","248","17.6.2","2026-02-15 13:06:50","37","34","0"
"NET-0321","Access Point","Cisco Catalyst 9120AXI","Main Campus","Healthy","271","17.6.3","2026-02-15 06:06:50","38","23","0"
"NET-0322","Access Point","Cisco Catalyst 9120AXI","Main Campus","Healthy","113","17.6.4","2026-02-15 08:06:50","11","26","0"
"NET-0323","Access Point","Cisco Catalyst 9120AXI","North Campus","Healthy","239","17.6.3","2026-02-15 15:06:50","31","75","0"
"NET-0324","Access Point","Cisco Catalyst 9120AXI","North Campus","Healthy","237","17.7.1","2026-02-15 20:06:50","51","39","0"
"NET-0325","Access Point","Cisco Catalyst 9120AXI","North Campus","Healthy","39","17.8.1","2026-02-14 23:06:50","19","57","0"
"NET-0326","Access Point","Cisco Catalyst 9120AXI","Main Campus","Healthy","254","17.8.2","2026-02-15 14:06:50","13","23","0"
"NET-0327","Access Point","Cisco Catalyst 9120AXI","East Campus","Healthy","356","17.8.2","2026-02-15 20:06:50","74","69","0"
"NET-0328","Access Point","Cisco Catalyst 9120AXI","South Campus","Healthy","322","17.7.4","2026-02-15 04:06:50","10","25","0"
"NET-0329","Access Point","Cisco Catalyst 9120AXI","East Campus","Healthy","170","17.6.2","2026-02-15 16:06:50","40","76","0"
"NET-0330","Access Point","Cisco Catalyst 9120AXI","Main Campus","Healthy","149","17.7.3","2026-02-15 20:06:50","26","33","0"
"NET-0331","Access Point","Cisco Catalyst 9120AXI","Main Campus","Healthy","37","17.7.2","2026-02-15 06:06:50","52","52","0"
"NET-0332","Access Point","Cisco Catalyst 9120AXI","Main Campus","Healthy","72","17.6.1","2026-02-15 01:06:50","56","31","0"
"NET-0333","Access Point","Cisco Catalyst 9120AXI","North Campus","Healthy","61","17.8.4","2026-02-15 11:06:50","31","24","0"
"NET-0334","Access Point","Cisco Catalyst 9120AXI","Main Campus","Healthy","183","17.7.2","2026-02-15 16:06:50","47","72","0"
"NET-0335","Access Point","Cisco Catalyst 9120AXI","North Campus","Healthy","313","17.7.3","2026-02-15 07:06:50","57","70","0"
"NET-0336","Access Point","Cisco Catalyst 9120AXI","East Campus","Healthy","204","17.8.4","2026-02-15 01:06:50","61","58","0"
"NET-0337","Access Point","Cisco Catalyst 9120AXI","South Campus","Healthy","73","17.7.4","2026-02-15 16:06:50","65","20","0"
"NET-0338","Access Point","Cisco Catalyst 9120AXI","North Campus","Healthy","199","17.8.4","2026-02-15 15:06:50","21","69","0"
"NET-0339","Access Point","Cisco Catalyst 9120AXI","East Campus","Healthy","98","17.6.1","2026-02-15 17:06:50","39","42","0"
"NET-0340","Access Point","Cisco Catalyst 9120AXI","East Campus","Healthy","334","17.7.2","2026-02-15 03:06:50","64","22","0"
"NET-0341","Access Point","Cisco Catalyst 9120AXI","Main Campus","Healthy","153","17.8.3","2026-02-15 16:06:50","67","45","0"
"NET-0342","Access Point","Cisco Catalyst 9120AXI","East Campus","Healthy","59","17.8.2","2026-02-15 01:06:50","21","20","0"
"NET-0343","Access Point","Cisco Catalyst 9120AXI","East Campus","Healthy","63","17.7.2","2026-02-15 08:06:50","38","28","0"
"NET-0344","Access Point","Cisco Catalyst 9120AXI","South Campus","Healthy","179","17.6.2","2026-02-15 09:06:50","54","72","0"
"NET-0345","Access Point","Cisco Catalyst 9120AXI","Main Campus","Healthy","172","17.6.1","2026-02-15 17:06:50","27","68","0"
"NET-0346","Access Point","Cisco Catalyst 9120AXI","Main Campus","Healthy","76","17.7.2","2026-02-15 16:06:50","42","74","0"
"NET-0347","Access Point","Cisco Catalyst 9120AXI","South Campus","Healthy","286","17.8.4","2026-02-15 17:06:50","56","23","0"
"NET-0348","Access Point","Cisco Catalyst 9120AXI","North Campus","Healthy","34","17.7.2","2026-02-15 17:06:50","52","44","0"
"NET-0349","Access Point","Cisco Catalyst 9120AXI","North Campus","Healthy","313","17.8.2","2026-02-15 08:06:50","28","68","0"
"NET-0350","Access Point","Cisco Catalyst 9120AXI","South Campus","Healthy","187","17.8.4","2026-02-15 21:06:50","52","36","0"
"NET-0351","Access Point","Cisco Catalyst 9120AXI","Main Campus","Healthy","362","17.8.3","2026-02-15 17:06:50","43","55","0"
"NET-0352","Access Point","Cisco Catalyst 9120AXI","East Campus","Healthy","101","17.8.3","2026-02-15 17:06:50","43","34","0"
"NET-0353","Access Point","Cisco Catalyst 9120AXI","Main Campus","Healthy","2","17.6.2","2026-02-15 01:06:50","56","43","0"
"NET-0354","Access Point","Cisco Catalyst 9120AXI","East Campus","Healthy","233","17.8.4","2026-02-15 16:06:50","55","26","0"
"NET-0355","Access Point","Cisco Catalyst 9120AXI","Main Campus","Healthy","122","17.8.1","2026-02-15 16:06:50","63","27","0"
"NET-0356","Access Point","Cisco Catalyst 9120AXI","Main Campus","Healthy","272","17.6.2","2026-02-15 11:06:50","10","73","0"
"NET-0357","Access Point","Cisco Catalyst 9120AXI","East Campus","Healthy","94","17.6.3","2026-02-15 14:06:50","57","25","0"
"NET-0358","Access Point","Cisco Catalyst 9120AXI","South Campus","Healthy","70","17.8.3","2026-02-15 21:06:50","33","55","0"
"NET-0359","Access Point","Cisco Catalyst 9120AXI","North Campus","Healthy","69","17.7.2","2026-02-15 18:06:50","69","70","0"
"NET-0360","Access Point","Cisco Catalyst 9120AXI","North Campus","Healthy","100","17.6.2","2026-02-15 04:06:50","56","47","0"
"NET-0361","Access Point","Cisco Catalyst 9120AXI","South Campus","Healthy","320","17.8.1","2026-02-15 17:06:50","29","25","0"
"NET-0362","Access Point","Cisco Catalyst 9120AXI","Main Campus","Healthy","355","17.8.4","2026-02-15 01:06:50","14","72","0"
"NET-0363","Access Point","Cisco Catalyst 9120AXI","Main Campus","Healthy","128","17.6.3","2026-02-15 07:06:50","42","52","0"
"NET-0364","Access Point","Cisco Catalyst 9120AXI","South Campus","Healthy","237","17.7.2","2026-02-15 03:06:50","39","31","0"
"NET-0365","Access Point","Cisco Catalyst 9120AXI","South Campus","Healthy","220","17.7.3","2026-02-15 16:06:50","24","75","0"
"NET-0366","Access Point","Cisco Catalyst 9120AXI","North Campus","Healthy","183","17.6.1","2026-02-15 11:06:50","50","74","0"
"NET-0367","Access Point","Cisco Catalyst 9120AXI","East Campus","Healthy","140","17.8.3","2026-02-15 11:06:50","47","75","0"
"NET-0368","Access Point","Cisco Catalyst 9120AXI","East Campus","Healthy","195","17.6.3","2026-02-15 06:06:50","52","38","0"
"NET-0369","Access Point","Cisco Catalyst 9120AXI","East Campus","Healthy","87","17.6.1","2026-02-15 08:06:50","69","71","0"
"NET-0370","Access Point","Cisco Catalyst 9120AXI","North Campus","Warning","16","17.6.1","2026-02-15 03:06:50","18","70","0"
"NET-0371","Access Point","Cisco Catalyst 9120AXI","North Campus","Healthy","256","17.6.2","2026-02-15 22:06:50","31","57","0"
"NET-0372","Access Point","Cisco Catalyst 9120AXI","South Campus","Healthy","226","17.7.1","2026-02-15 17:06:50","45","76","0"
"NET-0373","Access Point","Cisco Catalyst 9120AXI","North Campus","Healthy","162","17.6.3","2026-02-15 08:06:50","25","37","0"
"NET-0374","Access Point","Cisco Catalyst 9120AXI","Main Campus","Healthy","204","17.7.4","2026-02-15 19:06:50","14","65","0"
"NET-0375","Access Point","Cisco Catalyst 9120AXI","East Campus","Healthy","284","17.8.1","2026-02-15 06:06:50","17","22","0"
"NET-0376","Access Point","Cisco Catalyst 9120AXI","Main Campus","Healthy","47","17.7.1","2026-02-15 13:06:50","43","76","0"
"NET-0377","Access Point","Cisco Catalyst 9120AXI","North Campus","Healthy","223","17.6.3","2026-02-15 11:06:50","71","69","0"
"NET-0378","Access Point","Cisco Catalyst 9120AXI","South Campus","Healthy","207","17.8.3","2026-02-15 14:06:50","35","62","0"
"NET-0379","Access Point","Cisco Catalyst 9120AXI","Main Campus","Critical","187","17.6.3","2026-02-15 02:06:50","35","28","0"
"NET-0380","Access Point","Cisco Catalyst 9120AXI","South Campus","Healthy","340","17.7.3","2026-02-15 08:06:50","39","59","0"
"NET-0381","Access Point","Cisco Catalyst 9120AXI","East Campus","Healthy","230","17.8.1","2026-02-15 00:06:50","16","50","0"
"NET-0382","Access Point","Cisco Catalyst 9120AXI","East Campus","Healthy","227","17.7.2","2026-02-15 21:06:50","57","75","0"
"NET-0383","Access Point","Cisco Catalyst 9120AXI","South Campus","Healthy","168","17.8.1","2026-02-15 07:06:50","31","25","0"
"NET-0384","Access Point","Cisco Catalyst 9120AXI","North Campus","Healthy","137","17.8.1","2026-02-15 14:06:50","67","49","0"
"NET-0385","Access Point","Cisco Catalyst 9120AXI","East Campus","Warning","273","17.7.1","2026-02-15 15:06:50","58","59","0"
"NET-0386","Access Point","Cisco Catalyst 9120AXI","South Campus","Healthy","167","17.7.4","2026-02-15 04:06:50","55","76","0"
"NET-0387","Access Point","Cisco Catalyst 9120AXI","North Campus","Healthy","249","17.6.3","2026-02-15 12:06:50","61","37","0"
"NET-0388","Access Point","Cisco Catalyst 9120AXI","East Campus","Healthy","320","17.6.1","2026-02-15 15:06:50","72","74","0"
"NET-0389","Access Point","Cisco Catalyst 9120AXI","South Campus","Healthy","116","17.7.4","2026-02-15 19:06:50","35","27","0"
"NET-0390","Access Point","Cisco Catalyst 9120AXI","North Campus","Healthy","334","17.8.2","2026-02-15 03:06:50","12","42","0"
"NET-0391","Access Point","Cisco Catalyst 9120AXI","East Campus","Healthy","206","17.6.3","2026-02-15 09:06:50","33","38","0"
"NET-0392","Access Point","Cisco Catalyst 9120AXI","South Campus","Warning","99","17.6.1","2026-02-15 00:06:50","60","34","0"
"NET-0393","Access Point","Cisco Catalyst 9120AXI","South Campus","Healthy","71","17.8.2","2026-02-15 02:06:50","68","53","0"
"NET-0394","Access Point","Cisco Catalyst 9120AXI","Main Campus","Healthy","243","17.7.3","2026-02-15 22:06:50","12","60","0"
"NET-0395","Access Point","Cisco Catalyst 9120AXI","South Campus","Healthy","255","17.8.4","2026-02-15 09:06:50","56","66","0"
"NET-0396","Access Point","Cisco Catalyst 9120AXI","East Campus","Healthy","287","17.6.3","2026-02-15 20:06:50","54","21","0"
"NET-0397","Access Point","Cisco Catalyst 9120AXI","Main Campus","Healthy","178","17.8.2","2026-02-15 14:06:50","56","21","0"
"NET-0398","Access Point","Cisco Catalyst 9120AXI","South Campus","Healthy","300","17.8.2","2026-02-15 20:06:50","74","67","0"
"NET-0399","Access Point","Cisco Catalyst 9120AXI","North Campus","Healthy","44","17.8.4","2026-02-14 23:06:50","72","57","0"
"NET-0400","Access Point","Cisco Catalyst 9120AXI","North Campus","Healthy","76","17.8.2","2026-02-15 10:06:50","73","61","0"
"NET-0401","Access Point","Cisco Catalyst 9120AXI","East Campus","Healthy","208","17.6.3","2026-02-15 21:06:50","63","76","0"
"NET-0402","Access Point","Cisco Catalyst 9120AXI","South Campus","Healthy","259","17.6.4","2026-02-15 20:06:50","40","23","0"
"NET-0403","Access Point","Cisco Catalyst 9120AXI","South Campus","Healthy","324","17.7.2","2026-02-15 08:06:50","34","51","0"
"NET-0404","Access Point","Cisco Catalyst 9120AXI","Main Campus","Healthy","14","17.6.1","2026-02-15 02:06:50","61","31","0"
"NET-0405","Access Point","Cisco Catalyst 9120AXI","East Campus","Healthy","307","17.6.3","2026-02-15 08:06:50","30","25","0"
"NET-0406","Access Point","Cisco Catalyst 9120AXI","Main Campus","Healthy","132","17.7.3","2026-02-14 23:06:50","53","79","0"
"NET-0407","Access Point","Cisco Catalyst 9120AXI","Main Campus","Healthy","251","17.8.1","2026-02-15 22:06:50","68","64","0"
"NET-0408","Access Point","Cisco Catalyst 9120AXI","North Campus","Healthy","185","17.8.3","2026-02-15 08:06:50","61","62","0"
"NET-0409","Access Point","Cisco Catalyst 9120AXI","Main Campus","Healthy","177","17.8.2","2026-02-15 04:06:50","29","33","0"
"NET-0410","Access Point","Cisco Catalyst 9120AXI","North Campus","Healthy","97","17.8.2","2026-02-15 06:06:50","64","79","0"
"NET-0411","Access Point","Cisco Catalyst 9120AXI","Main Campus","Healthy","159","17.7.1","2026-02-15 03:06:50","73","56","0"
"NET-0412","Access Point","Cisco Catalyst 9120AXI","East Campus","Healthy","322","17.6.4","2026-02-15 09:06:50","14","40","0"
"NET-0413","Access Point","Cisco Catalyst 9120AXI","South Campus","Healthy","194","17.7.1","2026-02-15 19:06:50","12","58","0"
"NET-0414","Access Point","Cisco Catalyst 9120AXI","South Campus","Healthy","122","17.8.3","2026-02-15 05:06:50","43","65","0"
"NET-0415","Access Point","Cisco Catalyst 9120AXI","North Campus","Healthy","314","17.7.3","2026-02-15 05:06:50","40","30","0"
"NET-0416","Access Point","Cisco Catalyst 9120AXI","Main Campus","Healthy","189","17.6.3","2026-02-15 15:06:50","49","25","0"
"NET-0417","Access Point","Cisco Catalyst 9120AXI","North Campus","Healthy","41","17.8.4","2026-02-15 07:06:50","55","42","0"
"NET-0418","Access Point","Cisco Catalyst 9120AXI","South Campus","Warning","137","17.6.3","2026-02-15 06:06:50","43","32","0"
"NET-0419","Access Point","Cisco Catalyst 9120AXI","North Campus","Healthy","235","17.8.4","2026-02-15 22:06:50","66","35","0"
"NET-0420","Access Point","Cisco Catalyst 9120AXI","Main Campus","Healthy","82","17.8.3","2026-02-15 17:06:50","15","72","0"
"NET-0421","Access Point","Cisco Catalyst 9120AXI","East Campus","Healthy","290","17.7.2","2026-02-15 00:06:50","24","39","0"
"NET-0422","Access Point","Cisco Catalyst 9120AXI","South Campus","Healthy","141","17.6.2","2026-02-15 11:06:50","31","71","0"
"NET-0423","Access Point","Cisco Catalyst 9120AXI","Main Campus","Healthy","156","17.6.3","2026-02-15 20:06:50","62","65","0"
"NET-0424","Access Point","Cisco Catalyst 9120AXI","Main Campus","Healthy","105","17.7.2","2026-02-15 22:06:50","32","68","0"
"NET-0425","Access Point","Cisco Catalyst 9120AXI","Main Campus","Critical","119","17.7.2","2026-02-15 00:06:50","33","49","0"
"NET-0426","Firewall","Palo Alto PA-5220","Main Campus","Warning","208","17.7.3","2026-02-15 15:06:50","41","60","0"
"NET-0427","Firewall","Palo Alto PA-5220","South Campus","Healthy","178","17.6.2","2026-02-14 23:06:50","60","45","0"
"NET-0428","Firewall","Palo Alto PA-5220","North Campus","Healthy","156","17.6.1","2026-02-15 17:06:50","34","24","0"
"NET-0429","Firewall","Palo Alto PA-5220","Main Campus","Healthy","330","17.6.4","2026-02-15 09:06:50","32","42","0"
"NET-0430","Firewall","Palo Alto PA-5220","South Campus","Healthy","324","17.6.2","2026-02-15 05:06:50","55","46","0"
"NET-0431","Firewall","Palo Alto PA-5220","Main Campus","Healthy","90","17.6.3","2026-02-15 12:06:50","30","55","0"
"NET-0432","Router","Cisco ISR 4451","East Campus","Healthy","106","17.8.4","2026-02-14 23:06:50","53","39","0"
"NET-0433","Router","Cisco ISR 4451","East Campus","Healthy","90","17.6.3","2026-02-15 07:06:50","58","20","0"
"NET-0434","Router","Cisco ISR 4451","East Campus","Healthy","198","17.7.3","2026-02-15 06:06:50","44","39","0"
"NET-0435","Router","Cisco ISR 4451","North Campus","Healthy","35","17.6.3","2026-02-15 18:06:50","26","54","0"
"NET-0436","Router","Cisco ISR 4451","Main Campus","Healthy","231","17.7.3","2026-02-14 23:06:50","38","34","0"
"NET-0437","Router","Cisco ISR 4451","Main Campus","Warning","138","17.7.2","2026-02-15 03:06:50","12","71","0"
"NET-0438","Router","Cisco ISR 4451","South Campus","Healthy","261","17.6.4","2026-02-15 03:06:50","53","33","0"
"NET-0439","Router","Cisco ISR 4451","East Campus","Healthy","74","17.6.1","2026-02-15 16:06:50","43","46","0"
