StudentID,FirstName,LastName,GradeLevel,GraduationYear
12345001,Emma,Martinez,9,2029
12345002,Liam,Johnson,9,2029
12345003,Sophia,Williams,10,2028
12345004,Noah,Brown,10,2028
12345005,Olivia,Davis,11,2027
12345006,Ethan,Garcia,11,2027
12345007,Ava,Rodriguez,12,2026
12345008,Mason,Wilson,12,2026
12345009,Isabella,Anderson,9,2029
12345010,Lucas,Thomas,9,2029
12345011,Mia,Taylor,10,2028
12345012,Alexander,Moore,10,2028
12345013,Charlotte,Jackson,11,2027
12345014,James,Martin,11,2027
12345015,Amelia,Lee,12,2026
12345016,Benjamin,Perez,12,2026
12345017,Harper,Thompson,9,2029
12345018,Elijah,White,9,2029
12345019,Evelyn,Harris,10,2028
12345020,Logan,Sanchez,10,2028
12345021,Abigail,Clark,11,2027
12345022,Jackson,Ramirez,11,2027
12345023,Emily,Lewis,12,2026
12345024,Sebastian,Robinson,12,2026
12345025,Ella,Walker,9,2029
12345026,Aiden,Young,10,2028
12345027,Scarlett,Allen,11,2027
12345028,Matthew,King,12,2026
